set,number,name,type,subtype,rarity,allegiances,traits,artist,politics_ability,politics_cost,intrigue_ability,intrigue_cost,onePower_ability,onePower_cost,combat_ability,combat_cost,effect,lore,printing_of,printing_note
promo,0,Insane Designer,Character,,P,Precedence,,Chris Arneson,6,1,6,1,6,1,6,1,"You may only bring this card into play if your name appears in the credits to the game. There is no cost. Every time this character takes a point of damage, he generates the following ability symbols: [politics][intrigue][onePower][combat]","His howl beat at the walls, the howl of a man who had discovered his soul damned by his own hand, and he clawed at his face as if to tear away the sight of what he had done.",,
promo,1,Night Raid,Challenge,,P,,,Chris Arneson,,,,,,,,,"Target another player. If you succeed, the target must convert one of his Pattern tokens to a neutral token.","Trollocs poured out of the night, snouted faces and horned heads, towering over the humans, howling and swinging scythe-curved swords, stabbing with hooked spears and barbed tridents, hacking with spiked axes.",,
promo,2,Filled With Power,Event,,P,,,Stephen Daniele,,,,,,,,,Target a character with the One Power ability. The target gains +1 One Power.,The Power boiled in her till she thought she must burst; her knees quivered with the effort of standing.,,
promo,3,Battle Fury,Event,,P,,,Chris Arneson,,,,,,,,,Target a character or troop. The target automatically generates a [damage] when participating in a challenge.,"Perrin could see those misshapen faces, contorted with rage and frenzy, as clearly as if they were right on top of him.",,
promo,4,Friend of the Dark,Character,,P,Dark One,Multiple,Liz Danforth,,,2,,,,,,"Pay any ability symbol generated by a non-Monster character with the Dark One allegiance you control to recruit this character. As an event, rotate and target a non-Monster character you control with the Dark One allegiance. The target gains +1 to all non-zero, non-One Power printed abilities until the end of the turn.","Yes, Great Master. It shall be as you say. Yes. Yes.",,
promo,5,Uncontrolled Rage,Advantage,Character,P,,,Ed Beard,,,,,,,,,"Target a character you control that has the Combat ability. While participating in a non-Last Battle challenge, all [politics] generated by the target are converted into [damage].","They will pay, Lews Therin growled. I am the Lord of the Morning.",,
promo,6,Things Yet to Come,Advantage,Player,P,,,Stephen Daniele,,,,,,,,,"During a Last Battle challenge, as an event, you may discard a limited event, advantage, or challenge from your hand to generate [support][opposition] in the challenge.","On Tremalking, one of the Sea Folk's isles, there be a stone hand fifty feet high sticking out of a hill, clutching a crystal sphere as big as this vessel.",,
promo,7,Power Play,Event,,P,,,Clyde Caldwell,,,,,,,,,"Target a character you control. The target may pay [onePower] to generate either [politics][politics], [intrigue][intrigue], or [combat][combat]. These symbols may only be used for recruiting or for paying the cost of events.","As quiet as they had been, the words ""Aes Sedai"" ran through the crowd in tones ranging from awe to fear to outrage.",,
promo,8,Pitched Battle,Event,,P,,,Mike Raabe,,,,,,,,,"During a card-based challenge, you may pay [damage] generated by a character or troop you control to generate either a [support] or [opposition].","Lan's sword accounted for those who escaped Moiraine's fire. The Warder had blood on both sides of his face, yet he flowed through the forms as coolly as if practicing before a mirror.",,
promo,9,Moment of Transition,Event,Limited,P,,,Mike Raabe,,,,,,,,,Convert a Pattern. Draw 3 cards.,And you really think I can learn? I can become an Aes Sedai?,,
promo,10,Unravel the Pattern,Event,,P,,,Ed Beard,,,,,,,,,Play immediately after any player plays Balefire. Remove half (round up) of the neutral pattern tokens from the game.,"The ripples were incalculable. The Pattern itself nearly unraveled. It could have been the destruction of everything. World, time, Creation itself.",,
premiere,1,A Beginning,Event,,R,,,Tony Moseley,,,,,,,,,Play when you have at least 4 cards in your hand. Discard your entire hand and draw 4 cards.,The wind was not the beginning. There are neither beginnings nor endings to the turning of the Wheel of Time. But it was a beginning.,,
premiere,2,A Murder of Ravens,Event,,C,,,Jim Pavelec,,,,2,,,,,"This card may only be played by a Villain player. Target another player and name a card. If the named card is in the target's hand, he must discard one copy of it. If it is not in his hand, he must show you his hand.","The fox's jaws snapped at them, but they darted in, and darted away untouched, black beaks glistening wetly.",,
premiere,3,A Second Chance,Advantage,Character,F,,,Steve Snyder,,,,,,,,,"Target a character you control. Immediately after you roll the target's dice, you may discard this advantage from play to reroll up to two of those dice, or up to three of those dice if the target is a Ta'veren. The original dice results are ignored.",He spilled the dice onto the tabletop. They bounced oddly. He felt - something - shifting.,,
premiere,4,A Sign of Hope,Event,,C,,,Tina Druce-Hoffman,,,,,,,,,"Target a non-Hero, non-Villain character in your killed pile. Convert one of your Pattern tokens to a neutral token. Move the target to your discard pile.","Thom Merrilin's alive. And he's here, in Cairhein.",,
premiere,5,A Stroke of Luck,Event,Limited,C,,,Jim Houston,,,,,,,,,"If a character you control rolled three or more dice of the same ability but rolled no symbols of that ability, add one to your pool.",She can't have!,,
premiere,6,A Time of Decision,Challenge,,C,,,Ed Beard,,,,,,,,,"Target a character you have in play. If you succeed, retrieve a replacement version of the character from your deck and place it in your hand.","All he wanted was to be a blacksmith, to go home, and see his family again, and work at the smithy. But it was not to be; he knew that.",,
premiere,7,A Time of Peace,Event,,R,,,Pat Morrisey,,3,,,,,,,No player may initiate a card-based challenge on the next turn.,"There was a time, before the Breaking, known as the Age of Legend, when there were no wars.",,
premiere,8,Advanced Scout,Advantage,Character,U,,,Paul Carrick,,,,,,,,2,"When assigning damage from your opponent's character damage pool, this character must be assigned a point. While this character is participating in a challenge, all events you play in that challenge have their combat symbol costs reduced by one.","There's bloody something moving down there. Some of the others nodded and murmured, too.",,
premiere,9,Al'cair'rahienallen,Advantage,Player,R,,Capital of Cairhien,Jim Holloway,,,,,,,,,"While you control the Cairhien contested advantage by 5 or more, when Cairhien characters you control generate any [intrigue], they also generate an equal number of [damage].","You take Cairhien. The city's proper name is Al'cair'rahienallen, Hill of the Golden Dawn.",,
premiere,10,Amys,Character,,U,Aiel,"Wise One,Taardad Aiel,Light Nature,Dreamwalker",Bill O'Conner,2,2,1,,2,1,,,Rotate Amys as an event and target an Aiel character with a Politics ability lower than hers (including none). Rotate the target for no effect.,"In Rhuidean you will find three rings, arranged so. Step through any one. You will see your future laid before you, again and again, in variation.",,
premiere,11,Andor,Advantage,World,U,,Nation Contested Advantage,Ellisa Mitchell,,,,,,,,,"If you control Andor during the ready round, choose one allegiance. All Andor characters you control gain that allegiance until the end of the turn.","Andor has always had a queen, and it still does. Elayne was Daughter-Heir. With her mother dead, she's queen.",,
premiere,12,Andor Cavalry,Troop,,F,Andor,"Multiple,Reinforcement",Jim Holloway,,1,,,,,4,1,,"A proud line of cavalry thundered across the field, moving briskly and in tight formation beneath the fluttering banners of Andor.",,
premiere,13,Andor Infantry,Troop,,F,Andor,Multiple,Jim Holloway,,2,,,,,4,,,"...red uniformed men burst into sight, breastplates catching the sun as they dashed up the path. Others came like breaking waves of scarlet and polished steel...",,
premiere,14,Andoran Spearmen,Troop,,U,Andor,Multiple,Jim Holloway,,,,,,,2,,"The cost to recruit the this card is [politics] or [combat]. During the Coming to Grips step in which this card is participating, you may rotate and kill this card to add two tokens to your troop damage pool.","A thousand spears are held fast beneath Andor's banner, the white lion rampant on a field of red.",,
premiere,15,Animate Stone,Event,,U,,,April Lee,,,,,,,,,"Target a challenge during its Opening Moves step. This card becomes a character, participating in that challenge, with one Combat ability for each [onePower] you pay. Roll its dice immediately add the results to your pool. Discard this card after the challenge resolves.","Suddenly the benches shifted, flowed, changed into faceless manshapes, still as white and hard-looking as the stone.",,
premiere,16,Asmodean (I),Character,,R,Dark One,"Starting Villain,Forsaken",Kelly Freas,,,1,,4,,,,"Immediately after Asmodean rotates, he generates an additional ability symbol of your choice. That symbol can only be used for recruiting characters and troops with the Dark One allegiance.","Asmodean saw him at the same moment and gave a start ... and suddenly a huge sheet of fire, like a thin slice from monstrous flame, swept back toward Rand, a mile high and a mile wide.",,
premiere,17,Assassination Attempt,Challenge,,U,,,Steve Snyder,,,,,,,,,"Target a non-Hero, non-Villain character. Only Intrigue and One Power may be rolled in this challenge. For every 3 by which you succeed, do one point of damage to the target.","A bolt from a crossbow. A few dark strands from here hair were tangled in the four heavy prongs, meant for punching through armor.",,
premiere,18,Aura of Death,Advantage,Character,U,,,Ed Beard,,,,,,,,,"The next time the targeted character takes damage, he takes one additional point of damage. When he takes this extra damage, discard this advantage.","A slender woman with black hair falling to her waist... wore a sickly brown halo, shriveled and split by rotting fissures that fell in and widened as they decayed.",,
premiere,19,Aviendha,Character,,U,Aiel,"Maiden of the Spear,Taardad Aiel,Light Nature",Steve Snyder,,,,,,,3,1,Symbols generated by this character may not be used for recruiting. Aviendha gains +1 Combat while participating in a challenge.,"I am Far Dareis Mai, A Maiden of the Spear ... In your lands, you have women much like our Wise Ones, the women called Aes Sedai.",,
premiere,20,Bain,Character,,C,Aiel,"Maiden of the Spear,Shaarad Aiel",Ron Walotsky,,,,,,,3,1,Symbols generated by this character may not be used for recruiting.,"When we wed the spear, we pledge to be bound to no man or child. Some do give up the spear, for a man or child, but once given up, the spear cannot be taken back.",,
premiere,21,Battle Hardened,Advantage,,C,,,Ron Walotsky,,,,,,,,,"Target a character or troop you control. When determining how many ability dice to roll for the target, ignore all damage on him.","...screaming defiance with the last breath, to spit in Sightblinder's eye on the last day.",,
premiere,22,Be'lal (I),Character,,R,Dark One,"Starting Villain,Forsaken",Tony Szezudlo,,,1,,4,,4,,"You may only recruit one character and one troop per turn. If the Dragon Reborn initiates the Callandor challenge and fails to succeed, place the Callandor advantage on Be'lal instead.","In A Study of the War of Shadow, Moilin daughter of Hamada daughter of Juendan called Be'lal the Netweaver ...",,
premiere,23,Berelain,Character,,R,Dragon,First of Mayene,Larry Elmore,3,3,1,,,,,,Politics ability symbols generated by Berelain have all allegiances for recruiting purposes.,"... a tall young woman of regal bearing entered the room, wearing a coronet with a golden hawk in flight above her brows.",,
premiere,24,Bitter Fighting,Event,,R,,,Chris Arneson,,,,,,,,1,Target a troop you control and another player's troop participating in the same challenge. Both troops roll their dice and apply damage (other results are ignored). Both troops continue rolling their dice and applying damage until one troop is killed.,The Defenders in the anteroom were fighting for their lives beneath the gilded lamps ...,,
premiere,25,Blood Tide,Event,,C,,,David Monette,,,,,,,,2,Target a challenge. Each [combat] you roll while participating in the challenge is converted into a [damage] instead.,"For three days they fought, and though the land became a butcher's yard, no crossing of the Tarendrelle did they yield.",,
premiere,26,Bodyguards,Advantage,Character,F,,,Kelly Goodeen,,1,,,,,,1,"When the targeted character takes damage, apply it to this card instead. Discard this advantage when it has taken two points of damage and apply any extra damage to the targeted character.","Facing every direction as they did, they were supposed to keep all intruders from the current lord of the Stone.",,
premiere,27,Border Clash,Challenge,,U,,,Ron Walotsky,,,,,,,,,"Politics cannot be rolled in this challenge. Reinforcement cannot be used in this challenge. If you succeed, move a token from the neutral section of the Pattern to your section, and you may add a token to a nation contested advantage.","Whatever they did not steal, they burned, and drove us out to starve.",,
premiere,28,Broken Ground,Event,,U,,,Darrell Sweet,,,,,,,,,"For each [combat] spent, target one troop participating in the same challenge. The targeted cards do not ready next turn.","When the shadows lengthen, they must stop or begin breaking wheels and mules' legs.",,
premiere,29,Bubble of Evil,Event,,C,,,Ed Beard,,,,,,,,,"This card may only be played by a Villain player. Target a character participating in a challenge. The target may choose not to roll his dice this turn. If he does roll, he takes one point of damage for each ability symbol he rolls.","The weapon thrashed like a thing alive, a thing with a malevolent will.",,
premiere,30,Caemlyn,Advantage,Player,R,,Capital of Andor,Jim Holloway,,,,,,,,,"While you control the Andor contested advantage by 5 or more, all Andor characters you control may use their Politics in the Last Battle. This allows your Andor characters with only Politics to participate in the Last Battle.",Words died in his mouth as his eyes fell on Caemlyn... this was more than he would have believed.,,
premiere,31,Cairhien,Advantage,World,U,,Nation Contested Advantage,Ellisa Mitchell,,,,,,,,,"For each token by which you control Cairhien, you may use one [intrigue] as a [politics] or [combat] to recruit. (These symbols retain their original allegiance.)","Yet the people seemed open and friendly enough, pausing to nod to each other as they hurried about their last chores before nightfall.",,
premiere,32,Cairhien Footmen,Troop,,C,Cairhien,Multiple,Eric Anderson,,1,,,,,5,1,"As an event, any player may target this troop and pay any amount of [intrigue]. For each [intrigue] paid, this troop rolls one less Combat die for the rest of the turn.","Most of them wore plain breastplates, and where there was gilt or silverwork, it was battered as though a drunken smith had been at it.",,
premiere,33,Cairhien Horsemen,Troop,,U,Cairhien,Reinforcement,Kelly Goodeen,,1,,,,,2,,"As an event, rotate this troop and target a troop you control. The targeted troop gains Reinforcement until the end of the turn.","The smell of death wafted up toward the fresh horses, which pranced nervously as the cavalrymen awaited orders.",,
premiere,34,Callandor,Challenge,,R,,,Tony Szezudlo,,,,,,,,,"Can only be initiated by the Dragon Reborn. If you succeed by five or more, this card becomes a sa'angreal character advantage on the Dragon Reborn. While the target participates in a challenge, you may place two tokens on this card to roll One Power dice equal to the target's current One Power ability. Unless the target rolls more [onePower] in the challenge than tokens on this card, you must apply damage on your participating cards equal to his One Power ability.",The Sword That is Not a Sword.,,
premiere,35,Called to War,Advantage,Player,U,,,Steve Snyder,,,,,,,,,"You may initiate a challenge each turn targeting a nation contested advantage. There is automatically 5 opposition to the challenge. For every two by which you succeed, add a token to the targeted advantage.",The armies of Tear are to march.,,
premiere,36,Car'a'carn,Challenge,,U,,,Ron Rousselle,,,,,,,,,"Only the Dragon Reborn may initiate this challenge. If you succeed, this challenge becomes a character advantage on the Dragon Reborn giving him the Aiel allegiance. For each point by which you succeed, place a follower token on the advantage. You may remove one follower token to reduce the cost of an Aiel character or troop by one ability of your choice.","Of the blood, but not raised by the blood, he will come from Rhuidean at dawn, and tie you together with bonds you cannot break.",,
premiere,37,Carpe Fatum,Event,,R,,,Pat Morrisey,,,,,,4,,,The symbols used to pay for this card must all come from the same character. Add one token to your section of the Pattern.,Your'e Right. How did you know? It has to work for me sooner or later...,,
premiere,38,Catapults,Troop,,U,Mercenary,Multiple,Paul Herbert,,,,,,,1,1,"When participating in a challenge, Catapults add one point of damage to your troop damage pool during the Opening Moves step.","Beside the road behind the stakes stood a contraption of wood and thick, twisted rope, with a nearby pile of stones bigger than a man's head.",,
premiere,39,Charge,Event,,C,,,Theodor Black,,,,,,,,,"Play this card during the Coming to Grips step of a challenge. For each [combat][combat] you pay, target one troop you control. Rotate the target troops, roll their dice, and add the results to your pool.","His horse leaped forward as he dug in his heels, and he heard the roar as the legion, as much of it still lived, followed.",,
premiere,40,Chiad,Character,,U,Aiel,"Maiden of the Spear,Goshien Aiel",Chris Arneson,,1,1,,,,3,1,Symbols generated by this character may not be used for recruiting.,"I am Chiad, of the Sones River sept of the Goshien Aiel.",,
premiere,41,Civil Unrest,Event,,U,,,April Lee,,,,,,,,,"Target a nation contested advantage. Each player rolls a Combat die for each token they have on that advantage. For each for each [damage] rolled, they may remove a token of their choice from the target advantage.","...as one they surged forward, howling and rabid, waving pitchforks and swords, axes and clubs, anything that could be taken to hand for a weapon.",,
premiere,42,Combat Reserves,Advantage,Player,R,,,Kelly Goodeen,,,,,,,,2,You may pay [combat] as a limited event to place a reserve token on this card. You may remove two reserve tokens as a limited event to add one [combat] to your pool. This symbol has the allegiance(s) of your starting character.,"The soldiers still appeared uneasy... but they formed into lines to either side of the gates, bow deeply as Rand rode through.",,
premiere,43,Commander,Character,,F,Mercenary,Multiple,Jim Holloway,,1,,,,,2,1,,"Even smiling, his face was hard...",,
premiere,44,Compulsion,Advantage,Character,R,,,Chris Arneson,,,,,,2,,,"Only a Villain player may play this card. Target a character that you could control whose cost is less than the number of tokens on your section of the Pattern. As an event, the player who played Compulsion may pay one more [onePower] than the One Power ability of the target to take control of that character for the following turn.",She seemed unable to look at anything but his dark eyes; her skin tingled as if an icy wind were blowing through the courtyard.,,
premiere,45,Concealed Dagger,Advantage,Character,R,,,April Lee,,,,1,,,,,Discard this advantage as an event while the target is participating in a challenge and pay [intrigue] to add a point of damage to another character (of your choice) participating in the same challenge.,"The slim-bladed knife came up swiftly, all her remaining strength behind it...",,
premiere,46,Confrontation,Challenge,,F,,,Jeff Menges,,,,,,,,,"If you succeed by five or more, add two tokens to your section of the Pattern.","Shienar will ride to Tarwin's Gap alone, and we will be outnumbered at least ten to one.",,
premiere,47,Connections,Event,Limited,C,,,Steve Snyder,,1,,,,,,,Draw two cards.,This is a fine party. You have many friends...,,
premiere,48,Cut Supply Lines,Challenge,,R,,,David Monette,,,,,,,,,"Target another player. If you succeed, this challenge becomes a player advantage targeting him. His maximum hand size is decreased by 2.","Even the small things are bad. The war in Arad Doman has stopped trade from Saldaea, and the pinch is making unrest in Maradon.",,
premiere,49,Dain Bornhald,Character,,C,Children of the Light,,Chris Arneson,1,1,,,,,1,,,"My name is Dain Bornhald! Remember it, Darkfriends! I will make you fear my name! Remember my name!",,
premiere,50,Dangerous Liaisons,Advantage,Player,R,,,Ed Beard,,,,2,,,,,You may pay [intrigue] as a limited event to place a reserve token on this card. You may remove two reserve tokens as a limited event to add one [intrigue] to your pool. This symbol has the allegiance(s) of your starting character.,"I know a secluded pool, where this heat might be escaped. A sheltered pool, where nothing would disturb us.",,
premiere,51,Dark Dreams,Advantage,Player,R,,,Pat Morrisey,,,,,,1,,,This card may only target a Villain player. You may discard this card as an event and target a card-based challenge. It gains 2 additional opposition.,"It had been a dream, then, like a nightmare in the Winespring Inn the day of Bel Tine ...",,
premiere,52,Darkfriend,Advantage,Character,F,,,Theresa Brandon,,,,1,,,,,Target a character you control with a dark nature. He gains the Dark One allegiance.,"You will have honored places if you come to the Great Lord of your own free will, but as long as you run, there will be pursuit, and who can tell what will happen then?",,
premiere,53,Darkfriend Band,Troop,,U,Dark One,Multiple,Tim Gerstmar,,,,1,,,2,,"The Darkfriend Band is recruited into your battleground, and has Reinforcement on the turn it is recruited.","Men fought alongside the Trollocs, too, in rough coats, with swords, shouting desperately as they died among the thorn bushes.",,
premiere,54,Darkhound Pack,Character,,R,Dark One,"Monster,Multiple,Reinforcement",Tony Szezudlo,,,,,,2,3,2,You cannot control more than one Darkhound pack at a time. Symbols generated by this character may not be used for recruiting. This character cannot be the target of advantages. Any character that takes damage from a Darkhound Pack and is not completely healed by the end of the turn is killed.,A Darkhound leaves no mark on dirt ... but stone is another matter.,,
premiere,55,Debt of Honor,Challenge,,F,,,Steve Snyder,,,,,,,,,"Target a character you control. If you succeed, this challenge becomes a character advantage targeting him. While the target of the advantage is ready, your starting Hero or Villain gains the target's allegiance(s). If you do not succeed, your starting Hero or Villain takes one point of damage, and the target is killed.","May you always find water and shade, Perrin Aybara.",,
premiere,56,Decisive Tactics,Event,,F,,,Paul Carrick,,,,,,,,,"Play this card during the Opening Moves or Coming to Grips steps of a challenge. For each [combat][combat] you pay, apply one [support] or [opposition] to the challenge.","Slowly, inexorably, the Two Rivers line bulged inward at a dozen places. If it broke, anywhere...",,
premiere,57,Defensive Measures,Event,,C,,,Thomas Manning,,,,,,,,,"Target one or more ready troops you control that are participating in the same challenge. Pay [combat][combat] for each target. For each [opposition] they roll, they generate an additional [opposition].","The road passed a half a dozen farms... ending at the heavy wooden gates bound with wide straps of black iron. They were closed tight, even if the sun was not down yet.",,
premiere,58,Dense Fog,Event,,C,,,Rob Carlos,,,,,,,,,"Target a challenge. For each [onePower] you pay, all players except you must remove one token from their character damage pools and from their troop damage pools during each step of the challenge.","The thickness of it muffled the sound of their hooves to dullness, and cries from overhead seemed to come through a wall.",,
premiere,59,Dense Forest,Event,,F,,Terrain,April Lee,,,,,,,,,"Target a card-based challenge. Only one terrain event may target each challenge. No cards may reinforce the challenge. Before damage is applied, remove two points of damage from all player's character damage pools.","Scattered clumps of evergreens, willows and firs, dotted the far bank, and there seemed to be fewer trees altogether than on her side.",,
premiere,60,Disband,Event,,C,,,Kelly Goodeen,,,,,,,,,Discard a troop you control. Add a number of symbols to your pools equal to the recruit cost of the discarded troop. These symbols have the same allegiance as the discarded troop.,"From the two nearest tower tops men watched them approach. Just a few men on each, peering curiously through the crenels.",,
premiere,61,Distractions,Event,,C,,,Eric Anderson,,,,,,,,,"Target a troop participating in a challenge. For each [intrigue] you pay, it must roll one die less than normal.",Veiled Shaido turning to fight wolves had only moments to realize they were not the only threat...,,
premiere,62,Draghkar,Character,,R,Dark One,"Monster,Multiple,Reinforcement",Ed Beard,,,,,,1,2,1,You must have 5 Pattern to recruit a Draghkar. This character cannot be the target of advantages. Whenever Draghkar rolls dice ignore all results. Whenever Draghkar rolls dice he generates [damage][damage].,"I have never liked Draghkar, we should have never have made them. Give them an order, and they still sometimes kill whatever is closest.",,
premiere,63,Dragon Banner,Advantage,Player,R,,,Darrell Sweet,,,,,,2,,,Can only target a Hero player. Pay [politics] as a limited event and target a character you control. The target permanently gains the Dragon allegiance. Each of your Dragon characters participating in a challenge initiated by the Horn of Valere contested advantage automatically generate one additional support.,"A banner most men would not know if they saw it, but would fear when they learned it's name.",,
premiere,64,Dragonsworn,Troop,,R,Dragon,Multiple,Jim Holloway,,,,,,,2,,There is no cost to bring the Dragonsworn into play.,"They're down there, on Almoth Plain, and the Light alone knows where else. Hundreds of them. Thousands. They declared for the Dragon Reborn because I raised that banner.",,
premiere,65,Driven,Event,,R,,,Steve Snyder,,,,,,,,,"Target one or more trolloc troops you control that are participating in the same challenge. For each troop targeted, put a damage token on it and it generates one [support].","The Trollocs still ran less than fifty paces back... A fade rode behind them now, and they seemed to flee the halfman as much as to pursue...",,
premiere,66,Duel,Event,,C,,,Bill O'Conner,,,,,,,,,Target a ready character. Select a character you control with the same allegiance as the target. Each character rolls his dice and applies any [damage] (other results are ignored). The target can rotate for no effect to ignore this card.,You are young. Let us see what it required to earn the heron...,,
premiere,67,Eamon Valda,Character,,U,Children of the Light,Lord Captain,Ed Beard,1,1,2,1,,,3,2,Rotate Eamon Valda to remove one token from a contested advantage.,"Every bit as much the picture of a Lord Captain... the dark man's face was hard, as ever, and he had a sword in his hands...",,
premiere,68,Earth Blast,Event,,U,,,Jim Houston,,,,,,2,,,Play this card during the Opening Moves or Coming to Grips step of a challenge. Target a character participating in that challenge. The target takes a point of damage and may not ready next turn.,"With a roar the ground in front of him erupted in a narrow fountain of dirt and rocks higher than his head. Screaming, his horse reared, and he rolled out of his saddle like a sack.",,
premiere,69,Egwene al'Vere,Character,,F,Aes Sedai,"Light Nature,Novice",David Cherry,,,,,1,1,,,"If Egwene rolls a number of [onePower] equal to her permanent One Power ability, she gains +1 One Power permanently, to a maximum of three.",No ... I'm not afraid. I do want to become an Aes Sedai.,,
premiere,70,Egwene the Accepted,Character,,R,Aes Sedai,"Accepted,Dreamwalker,Light Nature",Jim Houston,1,,2,,2,,,,"Replace Egwene al'Vere when she has a permanent One Power of at least two. If Egwene rolls a number of [onePower] equal to her permanent One Power ability, she gains +1 One Power permanently, to a maximum of three.","You are washed clean of Egwene al'Vere from Emond's Field... You are Egwene al'Vere, Accepted of the White Tower. You belong to us now.",,
premiere,71,Elaida Sedai,Character,,R,Aes Sedai,Red Ajah,Heather Bruton,2,1,2,1,3,2,,,"If Elaida rolls a number of [onePower] equal to her permanent One Power ability, she must look at the top five cards of any players' deck; reveal two of them to all players, and place them back on top of the deck in the same order.","The Dark One stirs in Shayol Ghul. The Shadow lies across the Pattern, and the future is balanced on the point of a pin.",,
premiere,72,Elayne Trakand,Character,,F,Andor,"Light Nature,Daughter-Heir",David Cherry,2,2,,,1,,,,The Dragon Reborn does not cause an allegiance penalty when paying any of the cost to recruit Elayne.,"She was completely different from Egwene in height and face and body, but every bit as beautiful.",,
premiere,73,Elyas,Character,,R,Mercenary,Wolfbrother,Thomas Manning,,1,1,,,,3,2,Elyas cannot be controlled by a Villain player. Rotate Elyas to retrieve a Wolf troop from your deck and place it in your hand.,"Elyas moved with the lazy grace of a wolf, only emphasized by his skins and fur hat, radiating danger as naturally as a fire radiated heat.",,
premiere,74,Establish Contacts,Advantage,Character,U,,,Liz Danforth,,,,,,,,,Target a Forsaken character. He gains +1 Intrigue.,"This world is very changed from the world I... went to sleep in... What I know of what lies where, I have learned since waking.",,
premiere,75,Exiled,Challenge,,U,,,Diana Stein,,,,,,,,,"Target a character and select an allegiance of that character. Only characters of the selected allegiance may participate in this challenge. If you succeed by at least the character's cost or highest ability, whichever is greater, remove that allegiance from the target.",You exiled them from the city last spring...,,
premiere,76,Expendable Troops,Event,,C,,,KC Lancaster,,,,,,,,1,Target a challenge. This event acts as if it were a mercenary troop participating in that challenge with 2 Combat ability. Discard this card after the challenge resolves.,I need them yet. I can use them.,,
premiere,77,Fade,Character,,F/C,Dark One,"Monster,Multiple,Myrddraal",Stephen Daniele,,,1,1,,,3,1,This card cannot participate in challenges until there are at least four tokens on your section of the Pattern.,"Dead black clothes and cloak, hardly seeming to stir as it moved, made its maggot-white skin appear ever paler. It had no eyes ...",,
premiere,78,Fall Back,Event,,C,,,Rob Carlos,,,,,,,,,"Target a character you control. Put a number of recovery tokens on the target equal to the number of damage tokens on him, then remove all damage from the target. Rotate the target for no effect. The target cannot ready while recovery tokens remain on him. Remove one recovery token at the end of each ready round.",Arin! Dar! Get out here and help me open the gate. There's people want to leave. Don't argue. Just do it.,,
premiere,79,Far Reaching Influence,Advantage,Character,C,,,Tony Szezudlo,,,,,,,,,"Target a character with Politics. The target gains +1 Politics. If the target ever participates in a card-based challenge you initiate but do not succeed at, discard this advantage.","No one refuses an audience with the Amyrlin Seat, sheepherder. Not the Lord Captain Commander of the Whitecloaks himself.",,
premiere,80,Fireball,Event,,F,,,Steve Snyder,,,,,,1,,,Play this card during the Opening Moves or Coming to Grips step of a challenge. Target a character or troop participating in that challenge. Put one point of damage on the target.,"Flame enveloped Trollocs, then burst with a roar that left misshapen forms unmoving on the ground.",,
premiere,81,Flanking Maneuvers,Challenge,,U,,,KC Lancaster,,,,,,,,,"Only cards with Reinforcement may participate in this challenge. No cards can reinforce this challenge. If you succeed by three or more, add one token to your section of the Pattern.",They're behind us! Rally to me!,,
premiere,82,Flowing Coffers,Challenge,,C,,,Diana Stein,,,,,,,,,"If you succeed, this challenge becomes a player advantage targeting you. For each point by which you succeed, place a wealth token on this card. You may remove one wealth token to reduce the cost of a mercenary character or troop by one ability of your choice. Discard the advantage when there are no tokens remaining.","It's a bad precedent, my Lord Dragon, lowering taxes ...",,
premiere,83,Forced Back,Challenge,,C,,,Larry Elmore,,,,,,,,,"Target a non-Hero, non-Villain character you do not control. If you succeed, this challenge becomes a character advantage on the target. The effect text of the target is ignored.","He felt as weak as the worst wrought iron, ready to bend at any pressure.",,
premiere,84,Forced March,Advantage,Player,R,,,Rob Carlos,,,,,,,,2,"When you recruit a troop, you may pay [combat] in addition to its cost to bring that troop into play in your battleground (rather than in your home front). You may pay an additional [combat] to give the troop Reinforcement until the end of the turn.","He could not eat, except what he could scavenge while he hunted you... nor could he stop until exhaustion collapsed him like an empty sack.",,
premiere,85,Fortress of Light,Advantage,World,R,,Contested Advantage,Jim Pavelec,,,,,,,,,"Cards with only the Dark One or Aes Sedai allegiances (or both) cannot participate in challenges initiated with this advantage. While you control the this card, any event targeting you that requires One Power requires an additional One Power, and you have an extra Pattern token for each contested advantage you control.",... a huge sunburst set into the floor held enough gold to make most men stare.,,
premiere,86,Forward Scouts,Troop,,U,Mercenary,Multiple,Ed Beard,,,,,,,1,1,"While participating in a challenge, this card may rotate as an event to give another troop Reinforcement. That troop may only reinforce the challenge in which this card is participating.","Checking the arrow nocked to his longbow, he peered down the valley running off to the west, widening as it fell away.",,
premiere,87,From the Shadows,Challenge,,U,,,Paul Carrick,,,,,,,,,"Only Intrigue may be rolled in this challenge. If you succeed, add a token to your section of the Pattern.","Paradox child. The Dark One is the embodiment of paradox and chaos, the destroyer of reason and logic, the breaker of balance, the unmaker of order.",,
premiere,88,Further Demands,Advantage,,C,,,Jeff Menges,,,,,,,,,Target a mercenary character or troop. Rotate the target for no effect. It may not ready. The controller of the card may discard this advantage by paying the cost of the targeted card as a limited event.,The Murandians hardly count; they're just there for whatever advantage they can wring out of the situation...,,
premiere,89,Further Goals,Event,Limited,R,,,Paul Carrick,,,,,,,,,"Target a card-based challenge you initiated. If you win the challenge by 7 or more, add a token to your section of the Pattern.",Another seal on the Dark One's prison.,,
premiere,90,Future Returns,Advantage,Player,R,,,Paul Herbert,,1,,1,,1,,1,Pay any ability symbol as an event to place an investment token on this card. Remove 5 investment tokens to draw a card.,"There is more grain in the granaries now than Tear could sell, and the farmers will harvest as much more this year.",,
premiere,91,Gaining An Advantage,Challenge,,F,,,Kelly Goodeen,,,,,,,,,"If you succeed, this challenge becomes a player advantage targeting you. You may discard it as an event to generate [politics][intrigue][combat]. These symbols have all allegiances.","He had them off balance now. If he could keep them that way, they would be too busy watching each other, and too afraid of being watched in turn, to trouble him.",,
premiere,92,Galldrian su Riatin Rie,Character,,R,Cairhien,King of Cairhien,Jim Holloway,3,2,3,3,,,1,,"You must have 5 Pattern to recruit Galldrian. While you control Galldrian, all Cairhien characters you control gain +1 Intrigue.","Let the vile miscreant himself be hanged immediately, that his Shadow-spawned villainy no longer taint the Light.",,
premiere,93,Gareth Byrne,Character,,R,Andor,Light Nature,Nan Fredman,2,3,1,,,,3,2,"While you control Gareth Byrne, Andor troops you control gain +1 combat.","A bluff blocky man stood bareheaded by the Queen's right hand... His temples were heavy with gray, but he looked as strong and immovable as a rock.",,
premiere,94,Gateway,Event,Limited,U,,,Tim Gerstmar,,,,,,,,,"Target one character or troop per [onePower][onePower] you pay. Each target is readied, moved to the battleground and gains Reinforcement (until the end of the turn).","Seizing the source, Rand made a gateway between the posts, four paces by four, and ran through as he tied off the weave... into a great open square surrounded by huge white columns, each topped with a marble wreath of olive branches.",,
premiere,95,Gather Allies,Challenge,,F,,,Eric Anderson,,,,,,,,,"No troops may participate in this challenge. If you succeed, add one token to your section of the Pattern.",Come. I'm sure you would all like to speak with the Sitters. Let formality go.,,
premiere,96,Gather Support,Challenge,,C,,,Eric Anderson,,,,,,,,,"Choose Politics, Intrigue or Combat. For each one by which you succeed, one symbol of that type is added to your pool at the beginning of the next action round. The symbols added have no allegiance.","...the Andoran nobles swept out of the colonnades, a rainbow of silks crowding around Rand, dabbling at sweaty faces with lace-trimmed handkerchiefs.",,
premiere,97,Gaul,Character,,U,Aiel,"Stone Dog,Shaarad Aiel,Light Nature",Stephen Daniele,,,,1,,,3,1,Symbols generated by this character may not be used for recruiting. Gaul gains +1 Combat while he is damaged. Gaul generates one [combat] when he participates in a challenge.,"I am Gaul, of the Imran sept of the Shaarad Aiel, wetlander. I am Shaeen M'taal, a Stone Dog. My water is yours.",,
premiere,98,Geofram Bornhald,Character,,R,Children of the Light,Lord Captain,Chris Arneson,2,2,,,,,3,2,Rotate Geofram to find the top challenge card in your deck and place it in your hand.,"""You avoid my questions. What evil is in you that you do not answer me?""",,
premiere,99,Graendal (I),Character,,R,Dark One,"Starting Villain,Forsaken",Liz Danforth,2,,1,,4,,,,Any character you recruit gains the Dark One allegiance.,"In any other company but Lanfears, Graendal would have been accounted a stunningly beautiful woman, lush and ripe ...",,
premiere,100,Gray Man,Character,,U,Dark One,Multiple,Steve Snyder,,,1,1,,1,1,,"You cannot use ability symbols rolled by Gray Man to recruit. Gray Man's abilities cannot be increased. As an event, rotate Gray Man and target a character. Roll Gray Man's dice and apply any [damage] to the target. The target may then roll his dice and apply any [damage] to Gray Man.","The Soulless, The Gray Men, give up their souls to serve the Dark One as assassins.",,
premiere,101,Guarded by Fate,Event,,R,,,Darrell Sweet,,,,,,,,,Target a character who has damage greater than or equal to his highest ability. Remove damage from the target until it has one less damage than its highest ability.,"I'm a ta'veren, and today it seems to be working in my favor for a change.",,
premiere,102,Halfman,Character,,R,Dark One,"Monster,Multiple,Myrddraal",Tony Szezudlo,,,,1,,,2,2,All trolloc troops you control participating in the same challenge as the Halfman gain +1 Combat. You can only use this bonus from one Halfman for each 3 tokens you have on your section of the Pattern.,"Myrddraal galloped up and down on midnight horses, raven-black cloaks hanging undisturbed as they whirled their mounts.",,
premiere,103,Hampered,Event,,C,,,Paul Herbert,,,,1,,,,,Target a ready character or troop card controlled by another player. The target cannot use its effect text this turn.,"Days of baking sun and searing winds, nights of boneshaking cold. Whatever grew seemed to have thorns or spines, or else a touch itched like fury.",,
premiere,104,Harassment,Event,,C,,,Darrell Sweet,,,,,,,,,Target one character or troop with Reinforcement for each [intrigue] you pay. The targets lose their Reinforcement ability.,Suddenly warning cries rose in the dark beyond the tents.,,
premiere,105,Healing,Event,,F,,,Pat Morrisey,,,,,,1,,,"Remove one point of damage from a troop card, or all damage from a character card.","In the Age of Legends, some Aes Sedai could fan life and health to flame if only the smallest spark remained.",,
premiere,106,Heavy Armor,Advantage,Troop,C,,,Ed Beard,,,,,,,,1,"As an event, rotate this card to remove one point of damage from the opponent's troop damage pool in any challenge in which the target is participating.","Breastplate, steel gauntlets, knee and elbow cups, and half-plate for shoulders and arms and legs.",,
premiere,107,Heavy Fighting,Event,,C,,,Jeff Menges,,,,,,,,,Target a challenge. All troops participating in that challenge gain +1 Combat ability until the challenge is resolved.,"Then Lan was on the Myrddraal, as the human folk fell on the Trolloc line. Warder's blade met steel from the forges of Thakandar ...",,
premiere,108,Herb Bag,Advantage,Character,U,,,Rob Carlos,,,,,,,,,Rotate this advantage as a limited event while the target is at the home front and select a character you control at the home front. Remove 1 point of damage from the selected character.,Flatwort tea and andilay root are best for fatigue. They clear the head and dim the burn in tired muscles.,,
premiere,109,Heroic Efforts,Event,,F,,,Tim Gerstmar,,,,,,,,,"Remove any number of tokens from your character damage pool. For each token removed, add one token to your troop damage pool.",Perrin hacked down a Shaido in his way and leaped over the man as he fell. They had to reach Rand; everything rested on that.,,
premiere,110,Heron-Mark Blade,Advantage,Character,R,,Weapon,Darrell Sweet,,,,,,,,2,"Target a non-Aiel, non-monster character with 4 or more Combat ability, or the Dragon Reborn. That character gains +1 Politics ability, and may rotate this advantage while he is participating in a challenge to add one point of damage to your character damage pool.","A heron stood on the black blade, too, a bird so dark as to be nearly invisible.",,
premiere,111,Hidden Discoveries,Advantage,Player,R,,,Tina Druce-Hoffman,,1,,1,,1,,1,"As an event, name a specific type of advantage (such as player advantage), rotate this card, and pay [onePower]. Find the top advantage of that type in your deck and place it in your hand.","That leaves whatever might lie buried in ancient ruins or forgotten in an attic. If you want to count on finding something by chance, do so.",,
premiere,112,Hidden Spies,Event,,C,,,Rob Carlos,,,,,,,,,This card may only be played by a Villain player. Target another player. Look at the top 5 cards of his deck. You may then shuffle his deck.,"The Dark One's minions often find spies among the creatures that feed on death. Ravens and crows, mainly. Rats, in the cities, sometimes.",,
premiere,113,High Lady Alteima,Character,,U,Tear,,Steve Snyder,2,2,2,,,,,,Pay [intrigue] and target a player. That player must shuffle his deck.,"The High Lady Alteima was far more dangerous than her husband or her lover, both of whom she had manipulated without either knowing it.",,
premiere,114,High Lady Estanda,Character,,C,Tear,,Steve Snyder,2,1,2,1,,,,,,"Estanda smiled, a tight smile of triumph.",,
premiere,115,High Lord Aracome,Character,,U,Tear,,Steve Snyder,2,2,1,,,,1,1,"Each Ready round while you control High Lord Aracome, you may target a troop you control. That troop gains Reinforcement until you target another troop or rotate High Lord Aracome.",Illian shall fall! Illian shall fall! Illian shall fall! Illian shall fall!,,
premiere,116,High Lord Geuyam,Character,,C,Tear,,Heather Bruton,2,2,1,,,,2,1,,The High Lords and Ladies were arrayed in a thick hollow circle under the great dome at the chamber's heart with the lesser nobles ranked behind.,,
premiere,117,High Lord Meilan,Character,,R,Tear,,Heather Bruton,2,2,3,2,,,1,,"While participating in a challenge, any ability symbols rolled by High Lord Meilan are ignored. For each [support] or [opposition] High Lord Meilan rolls, he generates an additional symbol of the same type.","Meilan was tall for a Tairen, only a hand shorter than Rand, and hard as any Defender.",,
premiere,118,High Lord Samon,Advantage,Character,U,,,Ran Ackels,,,,,,,,,May only target Be'lal. Be'lal gains the Tear allegiance.,One of the Forsaken is in Tear. The High Lord Samon is Be'lal.,,
premiere,119,High Lord Torean,Character,,C,Tear,,Heather Bruton,1,1,2,1,,,,,You may use any [intrigue] rolled by High Lord Torean as a [politics] instead.,"Prophecy has been fulfilled, and Tear has fulfilled its place in that prophecy. Perhaps the Dragon Reborn will lead Tear to a still greater destiny.",,
premiere,120,High Lord Weiramon,Character,,R,Tear,,Jim Holloway,2,1,,,,,3,1,"While participating in a challenge, High Lord Weiramon may only roll his Combat dice if one or more Tear troops you control are participating in that challenge. For each [combat] he rolls in a challenge, you must place a point of damage on one of your participating troops.","Weiramon was still sending charges against the fort when I left, and Sammael cuts every one to rags...",,
premiere,121,High Stakes,Event,,R,,,Jim Houston,,,,,,,,,Play this event during the ready round. The player who wins the Pattern challenge may also move a neutral token to his section of the Pattern.,"We do not run. We dare not run. Worlds and time rest on Rand, on the Dragon Reborn. This time, we fight.",,
premiere,122,Hired Agent,Character,,C,Mercenary,Multiple,KC Lancaster,,,1,1,,,,,,"Fine silks and perfumes did little to hide the uncouth manner of the man, a greedy businessman dealing in death and purchased loyalties.",,
premiere,123,Horn of Valere,Advantage,World,R,,"Contested Advantage,Unique",Tony Szezudlo,,,,,,,,,"The first player to control this advantage by 20 or more adds two tokens to his section of the Pattern and places it on a character they control as a character advantage. If you control this advantage during the Last Battle, each [support] you roll also counts as a [damage].","In the last, lorn fight gainst the fall of long night, the mountains stand guard, and the dead shall be ward, for the grave is no bar to my call.",,
premiere,124,Hostile Terrain,Event,,C,,Terrain,Paul Herbert,,,,,,,,,"Target a card-based challenge. Only one terrain event may target each challenge. A player must pay [combat] for each troop he wishes to use its Reinforcement trait. If any troop takes damage during the challenge, it takes an additional point of damage after the challenge is resolved.",The Three-Fold Land can be a dangerous place for those who do not know it.,,
premiere,125,House Guards,Troop,,R,Cairhien,Multiple,April Lee,,1,,1,,,3,,"If a Cairhien character you control takes any damage while participating in a challenge with House Guards, you may apply the damage to this card instead. You cannot use this effect while this card has damage greater than or equal to its Combat ability.","An escort will be welcome, Captain.",,
premiere,126,Human Rabble,Troop,,F,Mercenary,"Dark Nature,Multiple",Kelly Freas,,,,1,,,2,,Human Rabble may participate in challenges with monster characters and troops you control.,"Assembled in haste and poorly trained, the disorderly troop displayed a broad mix of armor and arms, including rusty swords, cudgels and pitchforks.",,
premiere,127,Hunting Trollocs,Challenge,,C,,,Tony Moseley,,,,,,,,,"Target a monster troop. If you succeed by at least the current Combat ability of the target, discard it.","Gaul pivoted smoothly to slide a spear into the black-mailed chest of a wolf-snouted Trolloc ... More came behind it, though, all goatsnouts and boar's tusks, cruel beaks and twisted horns ...",,
premiere,128,Illusion,Event,,U,,,Pat Morrisey,,,,,,,,,"Play this card during the Opening Moves step of a challenge and target another player. For each [onePower] you pay, you may remove one token from the target's support, opposition or character damage pool.","The mind plays tricks in the night, the eye sees what is not there.",,
premiere,129,In Harm's Way,Event,,C,,,Kelly Goodeen,,,,,,,,,Target a character you control who is participating in a challenge. Put one point of damage on the target. He gains +3 Combat.,It is said that a Borderlander will take a dagger's wound to avoid harm to a woman and count it a fair trade.,,
premiere,130,Incentives,Event,,C,,,Rob Carlos,,,,,,,,,You may ignore the light nature or dark nature trait on the next character you recruit this turn.,Gold glinted in the lamp light as the Warder counted out coins one by one into the other's palm.,,
premiere,131,Infighting,Event,Limited,C,,,Pat Morrisey,,,,,,,,,"Target two or more trolloc troops participating in the same challenge. If each target's controller does not pay [combat] from a character before the challenge is resolved, that target troop takes one point of damage. Draw one card.","Trollocs, the Twisted Ones, made during the War of the Shadow from melding men and animals ...",,
premiere,132,Infiltration,Event,,C,,,Tony Moseley,,,,,,,,,"While participating in a challenge, pay any amount of [intrigue]. For each [intrigue][intrigue] you pay, add a point of damage to a troop participating in the same challenge.","If the night had not been so still, the faint sound might not have seemed furtive, but it was and it did.",,
premiere,133,Inner Strength,Advantage,Player,U,,,Steve Snyder,,1,,,,1,,,Rotate this advantage as an event and target a character you control. Add one ability symbol of any type to your pool. You may only use that symbol to pay effect text cost on the targeted character.,He could never handle the instrument without a pang of sadness. Touching its gold-and-silver scrollwork was like touching Thom's memory.,,
premiere,134,Inspirational Leader,Advantage,Character,R,,,Tony Moseley,,1,,,,,,1,"Whenever you roll the target's dice, you may replace all of his Politics dice with Combat dice. (This does not change the target's abilities.) This can allow him to participate in the Last Battle.",Until yesterday I have followed men of other lands because I must. You I will follow because I want to.,,
premiere,135,Into the Fight,Event,Limited,U,,,David Monette,,,,,,,,,The next character you recruit has minus one to the cost of one ability of your choice. This character is placed in the battleground (instead of your home front) and gains Reinforcement (for the rest of the turn).,"Trollocs poured in out of the night, snouted faces and horned heads, towering over the humans...",,
premiere,136,Intolerance,Event,Limited,C,,,David Monette,,,,,,,,,Target a player. All cards with an allegiance different from his Hero or Villain character cause the allegiance penalty when being recruited.,"When the Children of the Light ask questions, you gray-eyed bumpkin, we expect answers...",,
premiere,137,Ishamael (I),Character,,R,Dark One,"Starting Villain,Forsaken",Darrell Sweet,1,,2,,4,,1,,"Ishamael may roll an extra Intrigue die while you have more Pattern tokens than any other player. Unless a Hero player has at least 4 Pattern, all [damage] rolled by Ishamael are ignored.","You only have one salvation, Rand al'Thor. Lews Therin Kinslayer, I am your only salvation. Serve me, and I will give you the world. Resist, and I will destroy you...",,
premiere,138,Jaichim Carridin,Character,,R,"Dark One,Children of the Light",Inquisitor,Bill O'Conner,1,1,2,2,,,1,,"Jaichim has the Children of the Light allegiance. When Jaichim rotates to generate symbols at the beginning of the action round, he automatically generates a [politics].","And he did not blink under the silent study of the Lord Captain Commander ... But then, it was said that Jaichim Carridin could outwait a stone.",,
premiere,139,Jasin Natael,Advantage,Character,U,,,Liz Danforth,,,,,,,,,May only target Asmodean. He gains +1 Intrigue and Gleeman. You may rotate this advantage as a limited event to look at the top card in another player's deck.,"What stories can I make with the sights your eyes have seen? I will even make you the hero, if you wish.",,
premiere,140,Juilin Sandar,Character,,R,Tear,"Thief-catcher,Light Nature",Nan Fredman,,2,2,,,,2,,"Rotate Juilin and target a character in play. The target's Intrigue is reduced by Juilin's Intrigue. If this effect would kill a character, he is discarded but is not considered killed.","My name is Juilin Sandar and I am a thief-catcher, and I would know why you are on the rooftops, staring at the Stone.",,
premiere,141,Knowledge Is Power,Event,,C,,,Nan Fredman,,,,,,,,,"Pay any number of [intrigue]. For each [intrigue] you pay, target one player. Look at the top card of each target's deck. You may discard any of the cards you view.","I'm afraid the Lord Dragon doesn't always take me into his confidence, my Lady, and when he does, you wouldn't expect me to break that confidence.",,
premiere,142,Lady Aemlyn,Character,,F,Andor,Light Nature,Theresa Brandon,1,2,1,,,,1,1,"While participating in a challenge, Lady Aemlyn can convert any ability symbol she rolls into a [support].","Aemlyn, a plump woman wrapped in dark wool, nodded in agreement with him...",,
premiere,143,Lady Arathelle,Character,,F,Andor,Light Nature,Heather Bruton,2,1,,,,,,,,"Arathelle's voice held tones of authority, unsurprising in the High Seat of a powerful house.",,
premiere,144,Lady Colavaere,Character,,U,Cairhien,,April Lee,2,1,2,1,,,,,Lady Colavaere gains +1 Intrigue while there are no other Cairhien characters in play with Politics or Intrigue greater than 2.,"A more than handsome woman in her middle years, with dark ivory lace ... and horizontal slashes of color from high lace collar to her knees ...",,
premiere,145,Lady Elenia,Character,,F,Andor,Dark Nature,Liz Danforth,1,1,1,,,,,,You may rotate Lady Elenia as a limited event to have her cease participating in a challenge.,"... of House Sarand, shrewish, honey-haired, Elenia.",,
premiere,146,Lady Ellorien,Character,,F,Andor,Light Nature,Liz Danforth,2,2,1,,,,,,,"Morgase nodded dully ... Ellorien, now one of her closest friends. At least, she had been. Elayne had been named after Ellorian's grandmother.",,
premiere,147,Lan Mandragoran,Character,,F,Aes Sedai,"Light Nature,Warder,Bonded to Moiraine Sedai",Darrell Sweet,,1,1,,,,4,2,Lan cannot be controlled by a Villain player. Lan may pay [combat][combat] to generate either a [politics] or a [intrigue].,The rose petal floats on the water ... The kingfisher flashes above the pond. Life and beauty swirl in the midst of death.,,
premiere,148,Lanfear (I),Character,,R,Dark One,"Starting Villain,Forsaken,Dreamwalker",Steve Snyder,2,,2,,4,,,,"Whenever Lanfear rolls at least [onePower][onePower][onePower], she may rotate the Dragon Reborn for no effect.","I serve. I have served the Lord of the Twilight long. Long did I lie imprisoned for my service, in an endless, dreamless sleep ... Now I am free again, and I will use what is mine.",,
premiere,149,Learning From The Past,Challenge,,C,,,Jeff Menges,,,,,,,,,"Only Politics and Intrigue may be rolled in this challenge. If you succeed, this challenge becomes a player advantage targeting you. You may discard the advantage to pay for the ability symbol cost of playing an advantage.","Surprising what you can dig out of books if you read long enough, isn't it?",,
premiere,150,Liandrin Sedai,Character,,R,"Dark One,Aes Sedai",Black Ajah,David Cherry,2,1,3,2,2,1,,,"Liandrin has the Aes Sedai allegiance, and is considered to be Red Ajah. Rotate Liandrin as an event to look at a random card in another player's hand. If the card has any [onePower] in its cost, discard it.","... false Dragons ravage the land. The while, you Blues smile and talk of nothing, and try to hold on to the past.",,
premiere,151,Light Cavalry,Troop,,F/C,Mercenary,Multiple,Eric Anderson,,1,,,,,2,1,"If you succeed at a challenge in which this troop participated and if this card has less than 2 damage, you may put one point of damage on another player's troop that participated, after all normal damage is applied.","Light cavalry is best for harrying. Bite at the flanks, keep them running, and never let them settle to fight.",,
premiere,152,Lightning,Event,,U,,,Jim Holloway,,,,,,,,,"Play this card during the Opening Moves or Coming to Grips step of a challenge. Target a character or troop participating in that challenge. Pay [onePower][onePower] to put one point of damage on the target. For each additional [onePower][onePower] you pay, you may put a point of damage on a different participating character or troop.","Like rapid beats on a giant drum, bolt followed bolt...",,
premiere,153,Limit the Opposition,Challenge,,U,,,Chris Arneson,,,,,,,,,"If you succeed, this challenge becomes a player advantage targeting you. Place a limit token on the advantage for each two by which you succeed. During the ready round you may remove a limit token to target another player. The target cannot draw more than two cards during that turn.","I wouldn't think an inn with the Dragon's Fang on its door would get much custom. Might have trouble with fire, with that on your door.",,
premiere,154,Local Aid,Event,,C,,,Kelly Freas,,,,,,,,,"For each [combat][combat] you pay, remove one token from your opponent's troop damage pool.","You are welcome to our fires. There will be hot water, and bandages and poultices.",,
premiere,155,Loial,Character,,R,Dragon,"Ogier,Treesinger",Chris Arneson,2,2,,,,,1,,"Whenever Loial participates in a challenge, draw one card during the Opening Moves step of that challenge.","His eyes were the size of saucers, with thick eyebrows that dangled like moustaches to his cheeks, and his ears poked up through long hair in tufted points.",,
premiere,156,Longbow,Advantage,Character,R,,Weapon,Larry Elmore,,,,,,,,2,"Target a character with the Combat ability. While the target is participating in a challenge, rotate him as a limited event, select a non-Hero, non-Villain character participating in the same challenge, and roll the target's dice. Apply any damage on the character selected. Other results are ignored.","Rand was not aware of raising his bow, or drawing the fletching against his cheek, to his ear.",,
premiere,157,Lord Barthanes,Character,,R,"Dark One,Cairhien",,Theodor Black,2,2,3,2,,,1,,"Barthanes has the Cairhien allegiance. While participating in a challenge, all Intrigue ability symbols Barthanes rolls are converted into damage symbols.","And this one the personal seat of Lord Barthanes, who is next to the King himself in power.",,
premiere,158,Lord Daricain,Character,,U,Cairhien,,Jim Holloway,2,1,1,,,,2,2,,... and Lieutenant Lord Daricain of House Annallin.,,
premiere,159,Lord Edorion,Character,,C,Tear,,Nan Fredman,1,2,1,,,,1,,"If Lord Edorion's cost is payed for by a Tear High Lord or Tear High Lady, this card's cost is [politics].",What's the matter? Did I say something?,,
premiere,160,Lord Gaebril,Advantage,Character,F,,,Ran Ackels,,,,,,,,,May only target Rahvin. Rahvin gains the Andor allegiance.,"Gaebril was still speaking, and every lord and lady seemed to hang on his words. Morgase was frowning as she listened, yet she nodded as much as any other.",,
premiere,161,Lord Jarid,Character,,F,Andor,Dark Nature,Liz Danforth,2,2,,,,,1,,"If Lord Jarid rolls three ability symbols during a turn, draw one card.",Dark square-faced Jarid of House Sarand ...,,
premiere,162,Lord Lir,Character,,F,Andor,Dark Nature,Theodor Black,2,2,1,,,,1,1,"During the Opening Moves step of a challenge in which Lord Lir is participating, you may add one point of damage to Lord Lir to add a token to your character damage pool.","... and Lir of House Baryn, a whip of a man, wearing a sword of all things ...",,
premiere,163,Lord Meresin,Character,,U,Cairhien,Reinforcement,Ron Walotsky,1,1,1,1,,,2,1,,Lieutenant Lord Meresin of House Daganred,,
premiere,164,Lord Nasin,Character,,F,Andor,Dark Nature,Liz Danforth,2,2,1,,,,2,1,,"... and bony, goat-faced Nasin of House Caeren",,
premiere,165,Lord Pelivar,Character,,F,Andor,Light Nature,Theodor Black,2,2,,,,,2,1,"As an event, Lord Pelivar may pay [combat] to remove one point of damage from an opponent's character damage pool in a challenge in which this card is participating.","If I must die to defend my lands and my people, then better here than where my lands and people die, too.",,
premiere,166,Lord Perrin,Character,,R,Dragon,"Wolfbrother,Ta'veren,Reinforcement",Larry Elmore,2,,1,,,,3,,"You must have 4 Pattern to replace Perrin Aybara. Perrin gains +1 Combat while participating in a challenge against monster characters. When applying his damage while participating in a challenge, Perrin can choose which applicable character any damage he has generated is applied to.",Goldeneyes! Lord Perrin! Goldeneyes!,,
premiere,167,Lord Talmanes,Character,,U,Cairhien,,Nan Fredman,1,1,1,1,,,3,2,"When Lord Talmanes participates in a challenge, you may target a troop participating in the same challenge. It may not ready on the next ready round.",... he led these Cairhienin although there were older men and even gray hair present.,,
premiere,168,Lucky Find,Event,,R,,,Mat Innis,,,,,,,,,Choose a type of advantage (such as a player advantage). Find the top advantage of that type in your deck and place it in your hand.,There could be treasure...,,
premiere,169,Marksmen,Advantage,Troop,U,,Weapon,Bill O'Conner,,,,,,,,2,"Target a troop you control. The target's Combat ability is reduced by two. While participating in a challenge, the target rolls its dice and applies the results in the Opening Moves step instead of the Coming to Grips step (any damage generated is still considered troop damage).","The snap of bowstrings was lost in the Trolloc roar, but a goose-fletched hail streaked the sky as it arced out, plunging down into the black-mailed horde.",,
premiere,170,Mat Cauthon (I),Character,,F,Dragon,Ta'veren,David Cherry,,2,2,,,,1,,"You may reroll one of Mat's dice each turn (immediately after making his initial roll, the old result is ignored).",Mat's brown eyes twinkled with mischief ... Few people had escaped his pranks.,,
premiere,171,Mat the Warrior,Character,,R,Dragon,Ta'veren,Tony Moseley,1,,2,,,,4,,"You must have 4 Pattern to replace Mat Cauthon. You may reroll one of Mat's dice each turn (immediately after making his initial roll, the old result is ignored). Mat may participate in challenges as a troop. Symbols Mat generates have all allegiances when they are used to recruit troops.","It was as if he could remember dances and battles and streets and cities, none of which he had ever really seen... like a hundred pieces of memory from a hundred different men.",,
premiere,172,Min,Character,,R,Dragon,,Ron Rousselle,1,1,1,1,,,,,"Rotate Min as an event and target a character you control. Retrieve a replacement character for the target from your deck and place it in your hand. If Min is ever killed, you must convert one of your Pattern tokens into a neutral token.",A shepherd with a heron-mark sword. That's enough to make me believe anything. What trouble are you in country boy?,,
premiere,173,Misdirection,Event,,C,,,Kelly Freas,,,,,,,,,"Pay [onePower] to target a troop whose recruit cost is two or less. For each additional [onePower][onePower] you pay, you may target another troop whose recruit cost is two or less. Rotate the targets for no effect.",Abruptly Moiraine thrust the staff out to the west. Dead leaves whirled into the air and branches whipped as if a dust devil ran along the line she pointed to.,,
premiere,174,Moghedien (I),Character,,R,Dark One,"Starting Villain,Forsaken,Dreamwalker",David Cherry,,,3,,4,,,,"Whenever Moghedien rolls at least [onePower][onePower][onePower], you do not have to reveal your challenge card on the next turn until after the Challenge Round is over. You must announce any participation restrictions on a hidden challenge card.","Let other fools leap about in full view. They can be brought low by a spider hiding in the cracks, a spider they never see until it is too late.",,
premiere,175,Moiraine Sedai,Character,,F,Aes Sedai,"Light Nature,Blue Ajah,Bonded to Lan Mandragoran",Darrell Sweet,2,2,2,1,2,1,,,"Moiraine cannot be controlled by a Villain player. If the Dragon Reborn pays any of Moiraine's recruit cost, you may pay exactly [politics][politics][onePower] to recruit her.","Her only apparent weapon was a switch, but where she slashed a Trolloc, a line of flame grew on it's flesh.",,
premiere,176,Momentum,Advantage,Player,U,,,Paul Carrick,,,,,,,,,"If you gain a token from the Pattern challenge, you gain 2 support or opposition (your choice) in every other challenge that takes place that turn.","Not even slowing, the front rank of Trollocs ran onto the sharp stakes ... howling as they were impaled, driven down by more huge shapes scrambling up over their backs...",,
premiere,177,Morgase Trakand,Character,,R,Andor,"Queen of Andor,Light Nature",David Cherry,4,4,1,,,,,,You must have 4 Pattern to recruit Morgase. You may rotate Morgase to add two tokens to the Andor contested advantage.,"Morgase had her daughter's beauty, matured and ripened. Her face and figure, her presence, filled the room like a light.",,
premiere,178,Mount,Advantage,Character,R,,,Darrell Sweet,,,,,,,,,The targeted character gains Reinforcement.,With himself and his stallion Mandarb - he said it meant Blade in the Old Tongue - he was not so sparing. The Warder covered twice as much ground as they did...,,
premiere,179,Nae'blis,Advantage,World,U,,Contested Advantage,Mat Innis,,,,,,,,,"Only cards controlled by a Villain player may participate in challenges initiated by this challenge. If any Villain player wins the Last Battle, the Villain controller of this advantage wins instead.","Nae'blis. The one who would stand only a step below the Great Lord, commanding all others.",,
premiere,180,Narg,Character,,C,Dark One,"Trolloc,Monster",Paul Herbert,,,1,,,,1,1,,Others go away. Narg stay. Narg smart.,,
premiere,181,Narrow Escape,Event,,U,,,KC Lancaster,,,,,,,,,"Play when a (non-Hero, non-Villain) character you control is killed. Convert one of your Pattern tokens into a neutral token to place that character in your hand. He is not considered killed.",I left Whitebridge sure you were dead.,,
premiere,182,Noble Allies,Challenge,,R,,,April Lee,,,,,,,,,"If you succeed, this challenge becomes a player advantage targeting you. The advantage increases your maximum hand size by 2.","Besides, if you die, I don't think our Andoran friends will maintain their warm welcome for me and my men.",,
premiere,183,Nynaeve al'Meara,Character,,R,Aes Sedai,"Accepted,Light Nature",David Cherry,1,2,,,2,,,,"If Nynaeve rolls a number of [onePower] equal to her permanent One Power ability, she gains +1 One Power permanently, to a maximum of four. When Nynaeve rolls One Power dice, the results are ignored unless she rolls at least one [onePower].",They said you learned quickly. And they said it took your temper burning to get to the heart of what you can do.,,
premiere,184,Overrun,Event,,F,,,Tim Gerstmar,,,,,,,,,"Remove any number of tokens from your troop damage pool. For each token removed, add one token to your character damage pool.","Banners and con waving, the Cairhienin charged downhill with him, shouting battle cries.",,
premiere,185,Padan Fain,Character,,F,Dark One,,Chris Arneson,,,1,1,,,,,Padan Fain gains +1 Intrigue while participating in a challenge. Padan Fain may reinforce any challenge in which the Dragon Reborn is participating.,"There is much yet hidden about Padan Fain, much I must learn. The evil goes deeper in him, and stronger, than in many I have seen.",,
premiere,186,Patrol,Troop,,U,Children of the Light,Multiple,Jim Houston,,1,,,,,2,,"While participating in a challenge, this card may act as either a character or as a troop.","The Children of the Light hold sway wherever men walk in the Light. Only where the Shadow of the Dark One reigns are the Children denied, yes?",,
premiere,187,Pedron Niall,Character,,R,Children of the Light,Lord Captain Commander,Steve Snyder,3,4,3,2,,,2,2,"While you control Pedron Niall, Children of the Light troops you control gain +1 Combat. You may draw an additional card during the draw round.",Niall's skin was as thin as scraped parchment ... but there was nothing of frailty about him.,,
premiere,188,Perrin Aybara (I),Character,,F,Dragon,"Wolfbrother,Ta'veren",David Cherry,1,2,,,,,2,,"When applying his damage while participating in a challenge, Perrin can choose which applicable character any damage he has generated is applied to.","... the curly-haired blacksmith's apprentice was so stocky as to seem a man and a half wide, with arms and shoulders thick enough to rival those of Master Luhhan.",,
premiere,189,Personal Growth,Event,,F,,,Darrell Sweet,,,,,,,,,Target a character you control who rolled at least one ability symbol during a challenge. Pay one of those symbols. This card becomes a character advantage giving the target character +1 to that ability.,Twice and twice shall he be marked.,,
premiere,190,Plots,Event,,F,,,KC Lancaster,,,,1,,,,,Play during a challenge. Roll two Politics dice and add the results to your pools.,It is no treason which must be done. And even blasphemy can be tolerated for a cause.,,
premiere,191,Political Isolation,Challenge,,C,,,Liz Danforth,,,,,,,,,"Target a player. If you succeed, the target may not roll any Politics dice next turn.",This was hardly the first time they had tried to secure their own places by casting suspicion on any lord or lady not standing with them...,,
premiere,192,Political Maneuvering,Challenge,,C,,,Theodor Black,,,,,,,,,"Only Politics dice may be rolled in this challenge. If successful, add a token to your section of the Pattern.",More praise for Rand's wisdom flowed from Lord Henren... and nearly a dozen others who had held their tongues while those more powerful spoke.,,
premiere,193,Political Prisoner,Challenge,,R,,,Eric Anderson,,,,,,,,,"Target a non-Hero, non-Villain character. For each two by which you succeed, place a prisoner token on the target. The target is rotated and may not ready while any prisoner tokens remain on him. Remove one prisoner token for each [politics] paid by any player as a limited event.","Rand turned his eyes back to the rafters. Six Aes Sedai sat in chairs around the cage, sustaining the shield on him.",,
premiere,194,Portal Stone,Event,Limited,U,,,Mat Innis,,,,,,,,,"Target one or more characters you control. Roll one of the target's One Power dice. For each [onePower] rolled, two of the target characters of your choice become participants in one challenge of your choice. Each targeted participant generates one additional [support] in that challenge. All target characters who do not participate in that challenge rotate for no effect.",The symbols at the bottom indicate Stones at other places.,,
premiere,195,Power Suppression,Event,,R,,,Pat Morrisey,,,,,,,,,"For each [onePower][onePower] you pay, target a rotated character. The targeted characters may not ready during the next ready round.","As he pushed himself to his feet, sight began to return, watery and painful at first.",,
premiere,196,Prepared Defense,Event,Limited,C,,,Jim Pavelec,,,,,,,,,Target a challenge. Only events that have at least one [onePower] in their cost may be played while resolving that challenge.,"Those walls themselves made a perfect square, with one side hard along the river. In just as exact a pattern, towers rose within the walls...",,
premiere,197,Prolonged Campaign,Challenge,,R,,,Nan Fredman,,,,,,,,,"Requires four Pattern to initiate. If you succeed, add a token to your section of the Pattern. If you succeed by 4 or more, add an additional token to your section of the pattern. If your opponent generated no opposition to the challenge, add an additional token to your section of the Pattern. Participants in this challenge do not ready on the following turn.",What remains of the Shaido are retreating north ... but Rand al'Thor seems to have forgotten them. He is sending the spears south toward Tear.,,
premiere,198,Prophecy,Event,,U,,,Darrell Sweet,,,,,,1,,,"Look at the top four cards on your draw deck. Place two of the cards on the bottom of your deck, and return the other two cards to the top of your deck (in any order).","There have always been men willing to proclaim for any man who called himself the Dragon, but they have never before had such signs as this.",,
premiere,199,Pull of the Pattern,Event,,U,,,Ron Rousselle,,,,,,,,,May only be played by a Hero player. Name a card. Reveal the top five cards of your deck. Put any cards with that name into your hand. Shuffle the rest back into your deck.,The Wheel of Time and the wheel of a man's life turn alike without pity or mercy...,,
premiere,200,Queen's Guard,Troop,,R,Andor,,Tony Szezudlo,,2,,,,,5,1,"For each [damage] this troop rolls, it generates an additional [damage] if you control the Queen of Andor.","Thin red streamers fluttered beneath the heads of their lances, every lance held at the same angle.",,
premiere,201,Rahvin (I),Character,,F,Dark One,"Starting Villain,Forsaken",David Cherry,,,1,,4,,1,,"As an event, Rahvin may pay [onePower][onePower][onePower] that he rolled to cause one point of damage to any character or troop in play.","Snatching at saidin, he filled himself with the Power, the taint on the male half of the True Source rolling off the protection of his bonds and oaths ...",,
premiere,202,Raiding Party,Troop,,U,Aiel,"Multiple,Reinforcement",Paul Carrick,,1,1,,,,2,1,The Raiding Party gains +1 Combat ability while participating in a card-based challenge you initiate.,"They seemed all shadow, colors that blended with the darkness too well to see them clearly...",,
premiere,203,Rallying Cry,Challenge,,U,,,Ed Beard,,,,,,,,,"If you succeed, this challenge becomes a player advantage targeting you. Whenever you succeed at a challenge, add a rallying token to this card. Remove one rallying token to reduce the cost of a troop by one ability of your choice.",Carai an Caldazar! Carai an Ellisande! Al Ellisande!,,
premiere,204,Rampage,Challenge,,F,,,Chris Arneson,,,,,,,,,"Only the Villain player may initiate this challenge. Target another player. For each point by which you succeed, the target must discard a random card from his hand.","Splintered, broken wood littered the room; not a single piece of furniture remained whole.",,
premiere,205,Rand al'Thor (I),Character,,R,Dragon,"Starting Hero,Dragon Reborn,Ta'veren",Darrell Sweet,1,,,,2,,2,,"While you control a nation contested advantage, Rand gains the allegiance of that nation. If Rand rolls at least [onePower][onePower], he permanently gains +1 One Power, to a maximum of four.","If the only way I can find time and peace for the world is to impose it, I will.",,
premiere,206,Rand al'Thor (II),Character,,R,Dragon,"Starting Hero,Dragon Reborn,Ta'veren",Darrell Sweet,1,,,,3,,,,"If Rand pays any of the cost for any events requiring One Power, the One Power cost for the card is decreased by 1. If Rand rolls at least [onePower][onePower], he permanently gains +1 One Power, to a maximum of five.","Wrap a shoufa around your head, Rand, and you would be the image of an Aielman.",,
premiere,207,Rand al'Thor (III),Character,,R,Dragon,"Starting Hero,Dragon Reborn,Ta'veren",Darrell Sweet,1,,1,,2,,1,,"Select a non-Dark One allegiance at the beginning of the game. Rand has that allegiance. If Rand rolls at least [onePower][onePower], he permanently gains +1 One Power, to a maximum of four.",It is a name not spoken except among the clan chiefs and the Wise Ones... the Aiel are the People of the Dragon.,,
premiere,208,Rand al'Thor (IV),Character,,F,Dragon,"Starting Hero,Dragon Reborn,Ta'veren",Darrell Sweet,1,,,,2,,1,,"If Rand pays any of the cost to recruit a Dragon or light nature character, apply -1 to the cost of each ability (after all other modifications). If Rand rolls at least [onePower][onePower], he permanently gains +1 One Power, to a maximum of four.",I am Rand al'Thor! ...I am the Dragon Reborn!,,
premiere,209,Rand the King,Character,,R,Dragon,,Darrell Sweet,4,,2,,5,,3,,Replace a Dragon Reborn character when you have 8 Pattern. Rand the King gains the allegiances of all characters he controls.,"The Light illumine Rand al'Thor, King of Illian.",,
premiere,210,Rapid Recovery,Event,,C,,,Steve Snyder,,,,,,,,,All characters you control that rotate to heal this turn remove two points of damage instead of one.,"A dark-haired, youngish man in a red coat, with a bandage wound around his temples, was making his way down the stairs at the side of the common room using padded crutches...",,
premiere,211,Ravens Watching,Event,,C,,,Rob Carlos,,,,,,,,,This card may only be played by a Villain player. Target a card-based challenge. Hero players must pay [intrigue] in addition to any other costs to play each event while resolving that challenge.,In the Borderlands there was a bounty on Ravens; no one there ever dared assume any raven was just a bird...,,
premiere,212,Raw Recruits,Advantage,Player,R,,,David Cherry,,,,,,,,2,Rotate this advantage as a limited event and pay [politics][combat] (of any allegiance) to target a multiple troop in your killed pile. Return that troop to your hand.,Who was the greatest blademaster of all time? From the throats of dozens of students came a massed bellow. Jearom Gaidin!,,
premiere,213,Ready Resources,Advantage,Player,R,,,Ron Rousselle,,1,,,,,,1,You may put advantages from your hand face down under this card. You may play any advantages from under this card as if they were in your hand.,"The armies will be generously financed by High Lord Torean, the wealthiest of you, who will accompany the armies to see that his money is spent wisely.",,
premiere,214,Reducing Influence,Advantage,Player,U,,,Mat Innis,,,,,,,,,"You may initiate a challenge each turn targeting a nation contested advantage. For each 2 by which you succeed, remove another player's token from the advantage.",Shock froze him long enough for Omerna to pull the dagger free and plunge it in again.,,
premiere,215,Regroup,Event,Limited,C,,,Darrell Sweet,,,,,,,,,Target any number of characters and troops who are participating in the same challenge. The targets may immediately rotate to stand down.,I could do with some singing... And maybe a hot mutton pie at the White Boar.,,
premiere,216,Reinforcements,Event,Limited,C,,,Darrell Sweet,,,,,,,,,Target one troop in the battleground for each [combat][combat] you pay. Each target gains Reinforcement.,"A mile into the forest they were joined by two hundred Mayener Winged Guards and five hundred armsmen of House Taborwin, all mounted on the best animals that could be found.",,
premiere,217,Remove Fatigue,Event,,U,,,Diana Vick,,,,,,1,,,Target a character. Ready that character.,Tiredness drained out of him like water running downhill; aches and soreness ebbed to dim memories and vanished.,,
premiere,218,Request Tribute,Challenge,,C,,,Diana Vick,,,,,,,,,"For each two points by which you succeed, you may draw one card. If you do not succeed, all other players draw one card.",At least the wagon trains full of grain were beginning to arrive from Tear with some regularity.,,
premiere,219,Respite,Event,,C,,,Liz Danforth,,,,,,,,,Target a character or troop you control. The target may remove up to three damage tokens if it rotates to heal this turn.,I ... will be right as wellwater ... with a little rest.,,
premiere,220,Rest and Recovery,Advantage,Player,U,,,Ron Walotsky,,,,,,,,,"When none of your characters or troops participated in any challenges this turn, and you succeeded at a challenge on the previous turn, draw an additional card during the draw round.","...a large sitting room and a small, what they called a sulking room hereabouts, and an immense bed chamber with the biggest bed he had ever seen, the massive bed posts carved with entwined flowers of all things, and painted red.",,
premiere,221,Resupply,Advantage,Player,U,,,Kelly Goodeen,,1,,,,,,1,"As a limited event, target a troop you control in the battleground and rotate this card. Remove one point of damage from the target.","Men and women gathered quickly, murmuring their sympathy as they helped injured men from their horses ...",,
premiere,222,Rhuarc,Character,,R,Aiel,"Clan Chief of the Taardad Aiel,Light Nature",Steve Snyder,3,2,,,,,4,4,"You must have 5 Pattern to recruit Rhuarc. While you control Rhuarc, all Aiel characters you control gain +1 Combat while participating in a challenge.","All things must change, but I would not be a part of that change if I could set myself aside from it.",,
premiere,223,Rule of Power,Event,,R,,,Bill O'Conner,,1,,,,1,,,All ability symbols you rolled this turn have all allegiances.,"Look at it, and remember me. Remember that I will come back for it. If anyone wants to take my place, all they have to do is pull it out... But remember the price of failure.",,
premiere,224,Rumors and Lies,Event,,C,,,Jim Holloway,,,,,,,,,Pay any amount of [intrigue]. Target one damaged troop per [intrigue] you pay. The targeted troops may not participate in any card-based challenges next turn.,"At worst... we have heard... reports... rumors might be a better word, but they come from many places.",,
premiere,225,Sabotage,Event,,C,,,Kelly Goodeen,,,,1,,,,,Target any player. He must randomly discard a card from his hand. You may pay an additional [intrigue][intrigue] to make him randomly discard an additional card.,"Over the clamor of alarm bells, he could make out other noises, now. Shouts. Screams. Metal ringing on metal.",,
premiere,226,Saidar Angreal,Advantage,Character,R,,,Ed Beard,,,,,,2,,,"Target a female character you control with the One Power ability. Whenever she rolls her One Power dice, she rolls an equal number of additional One Power dice, up to a maximum of two extra dice from this advantage.","Perrin knew it for an angreal, a remnant from the Age of Legend that allowed an Aes Sedai to safely channel more of the Power than she could alone.",,
premiere,227,Saidin Angreal,Advantage,Character,R,,,Ed Beard,,,,,,2,,,"Target a male character you control with the One Power ability. Whenever he rolls his One Power dice, he rolls an equal number of additional One Power dice, up to a maximum of two extra dice from this advantage.","A woman cannot use an angreal for a man and visa versa. There are rumors of angreal and sa'angreal usable by both men and women, but they remain unconfirmed.",,
premiere,228,Scouting Party,Troop,,U,Aiel,"Multiple,Reinforcement",Tony Moseley,,,,,,,3,2,"During the Coming to Grips step in which this troop is participating against monster troops, a Scouting Party may pay one [combat] as an event to add a token to your troop damage pool or to remove a token from the monster's controller's troop damage pool.","The Aiel begin learning survival skills and the handling of the spear at a very young age, with games designed to enhance skill, speed, and accuracy.",,
premiere,229,Search and Destroy,Challenge,,U,,,Stephen Daniele,,,,,,,,,"Only Combat and One Power may be rolled in this challenge. Target a player advantage. If you succeed by five or more, discard that advantage.","Some houses were only torched to create confusion. The Trollocs ignored them afterwards, and the people fled from them as well ...",,
premiere,230,Seasoned Warrior,Advantage,Character,F/C,,,Ron Walotsky,,,,,,,,1,"During the Opening Moves step of a challenge in which the target is participating, he may pay [combat] to add a token to your character damage pool.",All softness had been hammered out of them at a harder forge than he had ever known.,,
premiere,231,Seat of Power,Advantage,Player,R,,,April Lee,,,,,,,,,You may rotate this advantage as a limited event to generate one [politics] for each nation contested advantage you control. Symbols generated by this advantage have all allegiances.,"Lord Barthane's manor crouched like a huge toad in the night... Rand saw guards moving on the tower tops and along roofwalks, and none of the windows were close to the ground.",,
premiere,232,Second Front,Event,,C,,,Darrell Sweet,,,,,,,,,Monsters you control may participate in the same challenge as non-Dark One cards you control.,All your talk of protecting people from Trollocs. How many died at Trolloc hands after you came?,,
premiere,233,Secondary Efforts,Challenge,,F,,,Pat Morrisey,,,,,,,,,"If you succeed, add one token to your section of the Pattern.",So that was one of the things Dreamers could do. She could not wait to start learning.,,
premiere,234,Secret Aid,Event,,C,,,Jim Holloway,,,,,,,,,"Target a character participating in a challenge. During the Opening Moves step of that challenge, the target automatically generates [politics][intrigue][combat] (in addition to any rolled results).","That bunch of broomweed by that shop door. It is a Yellow Ajah signal, an emergency signal from one of the Yellow's eyes-and-ears.",,
premiere,235,Sentries,Troop,,U,Mercenary,Multiple,Jim Holloway,,,,,,,1,1,"During the Opening Moves step in which this card is participating, you may rotate and kill this card to generate 2 opposition to the challenge.","Hands went uncertainly to sword hilts, or spears and long shields, or lances. Some of the soldiers half moved as if to close the gates even while looking to their officer.",,
premiere,236,Shaidar Haran (I),Character,,R,Dark One,Monster,Jeff Menges,2,3,2,1,,1,4,1,You must have 6 Pattern to recruit Shaidar Haran. Rotate Shaidar Haran to retrieve a card with the Dark One allegiance from your deck and place it in your hand. Add one token to your section of the Pattern while you control Shaidar Haran.,I will take you to the Great Lord... I am Shaidar Haran.,,
premiere,237,Shattered Dreams,Challenge,,U,,,Ed Beard,,,,,,,,,"Target another player. If you succeed by two or more, the target may not recruit next turn.","Weep, if you have a heart, for the loss of them, for the loss of even their memory. Weep, for the loss of their blood.",,
premiere,238,Shayol Ghul,Advantage,World,R,,Contested Advantage,Tim Gerstmar,,,,,,,,,"Only cards controlled by a Villain player may participate in challenges initiated with this advantage. While you control Shayol Ghul, your Forsaken may use the Ta'veren ability to negate damage once per turn for each two by which you control it.",All of the Dreadlords traveled to the Pit of Doom in Shayol Ghul to dedicate their souls to the Dark One.,,
premiere,239,Similar Ideals,Event,,F,,,Tim Gerstmar,,,,,,,,,"If you are a Hero player, when you play this card you may recruit light nature characters without any allegiance penalty. If you are a Villain player, when you play this card you may recruit dark nature characters without any allegiance penalty.","I offer you my services, and those of my nine thousand Saldean horse.",,
premiere,240,Siuan Sanche,Character,,R,Aes Sedai,"The Amyrlin Seat,Light Nature",Jim Houston,4,3,2,,3,2,,,You must have 5 pattern to recruit Siuan. Rotate Siuan as an event to retrieve a card with the Aes Sedai allegiance from your deck and place it in your hand.,Who comes here? Who comes here? Who comes here? The Watcher of the Seals. The Flame of Tar Valon. The Amyrlin Seat.,,
premiere,241,Skimming,Event,,U,,,Larry Elmore,,,,,,,,,Target one character you control for each [onePower] you pay. Each target gains Reinforcement.,"A door opened beneath the dome in front of him. That was the only way to describe it. An opening into darkness, into somewhere else.",,
premiere,242,Skirmish,Challenge,,C,,,David Monette,,,,,,,,,"No cards can reinforce this challenge. If you succeed, add one token to your section of the Pattern.","Axes and spears and spiked things dully reflected stray glimmers of moonlight. Boots scraped on the floor, and there was a rhythmic click, as of hooves, as well.",,
premiere,243,Spying,Event,,F,,,Diana Stein,,,,1,,,,,Target a player. Look at his hand and any face down cards he controls.,"...their presence here, on this floor, in the shadows, staring intently at the bright light at the end of the hall, that was not usual at all.",,
premiere,244,Stalemate,Challenge,,R,,,Diana Stein,,,,,,,,,"If you succeed, there is no action round next turn. If you succeed by five or more, add one token to your section of the Pattern.","Lord Meilan has the defense well planned, and the Cairhienin appear to be keeping their backbones for the time. Seven days with luck, perhaps eight at most.",,
premiere,245,Stedding,Event,,R,,Terrain,Jim Holloway,,,,,,,,,Target a card-based challenge. Only one terrain event may target each challenge. No One Power dice may be rolled in that challenge. No effects requiring the One Power may be used in that challenge.,The glow of Saidar was not there.,,
premiere,246,Strong Support,Event,Limited,C,,,Tony Moseley,,,,,,,,,"When recruiting troops, you may pay their recruit cost with symbols generated from characters with different allegiances, as long as at least one symbol is paid by a character of the same allegiance as the troop.","With you to lead us, my Lord Dragon, we shall conquer the world!",,
premiere,247,Stymied,Event,Limited,F,,,Paul Herbert,,,,,,,,,Target a character or troop participating in a challenge. The target rolls one less die than normal for each ability.,"Ordeith went in to examine his prisoner, stretched out between two pegs thick enough to hold a wagon train.",,
premiere,248,Subtle Manipulations,Event,Limited,U,,,Mat Innis,,,,1,,1,,,"Name a specific card type (such as player advantage or andor troop). Look at the top five cards of one player's deck. If you find any cards of that type, show them to all players and place them on the bottom of his deck.","You have handled me like a puppet, made me dance the way you wanted, from the day we met.",,
premiere,249,Superior Weaponry,Advantage,Troop,C,,Weapon,David Monette,,,,,,,,1,"If the target of this advantage rolls at least one [damage] while participating in a challenge, it generates an additional [damage].","...howling and swinging scythe-curved swords, stabbing with hooked-spears and barbed tridents, hacking with spiked axes.",,
premiere,250,Surprise Attack,Event,Limited,C,,,Chris Arneson,,,,,,,,,"Target one or more troops you control. Pay [combat] per target. Each target gains Reinforcement, but all targets must reinforce the same challenge.","...and the door burst open, pieces of the iron lock spinning across the floor.",,
premiere,251,Surrounded,Event,,C,,,Eric Anderson,,,,1,,,,1,"Play during the Coming to Grips step of a challenge if you have at least twice as many troops participating in that challenge as your opponent. For each of your troops that rolls any [damage], add a token to your character and troop damage pools.","Setting himself back-to-back with Loial and Aram, he slashed and hacked desperately.",,
premiere,252,Taking Advantage,Advantage,Player,R,,,Mat Innis,,1,,1,,,,1,"When you draw an advantage, you may reveal it to all other players to draw an additional card.","...then a shadow moved, not ten paces away. A tall, bulky shadow, and snouted.",,
premiere,253,Tar Valon,Advantage,World,U,,Contested Advantage,Ron Walotsky,,,,,,,,,"While you control Tar Valon, all Aes Sedai characters you control may participate in any nation contested advantage, regardless of normal restrictions.","Every building seemed a palace... fanciful stone work was everywhere, and the lines of one structure seemed designed to compliment and set off the next, leading the eye along as if everything were part of one vast design.",,
premiere,254,Tar Valon Guards,Troop,,U,Aes Sedai,Multiple,Jim Houston,,,,,,1,4,1,"When rolling, Tar Valon Guards may roll a One Power die instead of one of its combat dice. This troop gains +2 Combat ability while participating in the Tar Valon contested advantage.","At the foot of the bridge more soldiers stood guard, a dozen pikemen and half that many archers, checking everyone who wanted to cross.",,
premiere,255,Tar Valon Soldiers,Troop,,U,Aes Sedai,"Multiple,Reinforcement",Jim Houston,,,,,,1,5,2,"When rolling, Tar Valon Soldiers may roll a One Power die instead of one of its combat dice.",From outside the open gates came the sounds of the Amyrlin's pikemen and archers forming up in the square.,,
premiere,256,Tear,Advantage,World,U,,Nation Contested Advantage,Ellisa Mitchell,,,,,,,,,"While you control Tear, add a token to this contested advantage each ready round. If you control Tear by 5 or more, you are always considered the Dominant player. If you control Callandor, you are considered to have five additional tokens on this card.","Tairens have no love for the One Power... channeling is outlawed, and Aes Sedai are tolerated at best, so long as they do not channel.",,
premiere,257,Tear Lancers,Troop,,R,Tear,Reinforcement,Darrell Sweet,1,2,,,,,4,1,,Mounted Tairens had the lead behind a knot of colorful lords' banners...,,
premiere,258,Tear Levies,Troop,,C,Tear,Multiple,Tony Moseley,,1,,,,,2,,"When you recruit this card, draw a card.",And two thousand Tairen levies... to see to the proper distribution of the grain and protect Tairen interests.,,
premiere,259,Tear Skirmishers,Troop,,R,Tear,Multiple,Kelly Freas,,1,,,,,2,1,"As an event, Tear Skirmishers may pay [combat] to cease participating in a challenge. Any results they generated in that challenge still apply.","Battles sprang up and drifted away from where they began, or died when one side fell.",,
premiere,260,Tear Spearmen,Troop,,C,Tear,Multiple,Tony Moseley,,,,,,,4,2,Tear Spearmen lose 1 Combat ability while participating in a challenge against monster troops.,Wipe those spearpoints... a fade's blood will etch steel like acid if it's left on long enough.,,
premiere,261,Testing Fate,Challenge,,F,,,Ron Rousselle,,,,,,,,,"If you succeed, you may move one or two neutral tokens to your section of the Pattern. If you do not succeed, you must convert one of your Pattern tokens to a neutral token.","There is only the Lord Dragon and the Light! All else is illusion, a snare set by the Shadow!",,
premiere,262,The Art of Intrigue,Advantage,Character,U,,,Steve Snyder,,,,,,,,,"Target a character you control that has the Intrigue ability. He gains +1 Intrigue. You may rotate this card as a limited event to add a point of support or opposition to a challenge. If the target character ever participates in a card-based challenge you initiate but do not succeed in, he takes a point of damage and you must discard this advantage.",Her big brown eyes seemed even more melting than usual. She was apparently fool enough to think him susceptible...,,
premiere,263,The Dragon Revealed,Character,,R,Dragon,,Larry Elmore,2,,1,,4,,3,,"Replace Rand al'Thor character when you have 5 Pattern. When you succeed in a card based challenge you initiated, draw 1 card.","...one the breast of his dark cloak stood the same creature as on the banner, the four-legged serpent with the golden mane.",,
premiere,264,The Dying Ground,Event,,U,,Terrain,Pat Morrisey,,,,,,,,,"Target a card-based challenge. Only one terrain event may target each challenge. If a monster takes damage while participating in that challenge, it takes an additional point of damage when the challenge is resolved.","I have heard they call the Three-Fold land the Dying Ground. We hunt Trollocs, wetlander; they do not hunt us.",,
premiere,265,The Great Game,Advantage,Player,R,,,Jim Holloway,,2,,,,,,,You may pay [politics] as a limited event to place a reserve token on this card. You may remove two reserve tokens as a limited event to add one [politics] to your pool. This symbol has the allegiance(s) of your starting character.,"It isn't a game at all Rand. The nobles and the noble Houses maneuver for advantage. They do things they think will help them, or hurt an enemy, or both.",,
premiere,266,The Ruby Dagger,Advantage,Character,R,,"Unique,Weapon",Tony Szezudlo,,,,,,2,,,"Target a character you control. Any character that takes damage from the target and is not completely healed by the end of the turn is killed. Roll a One Power die each ready round. If you roll a [onePower], place a corruption token on the target. It is treated as damage, but cannot be healed. As an event, pay [onePower][onePower] to remove a corruption token or pay [onePower][onePower][onePower][onePower][onePower] to discard this advantage.",This is from Shadar Logoth. There is not a pebble of that city that is not tainted and dangerous...,,
premiere,267,The Stone of Tear,Advantage,Player,R,,,Ran Ackels,,,,,,,,,"If you control the Tear contested advantage, other players cannot add tokens to the Tear contested advantage except by using the challenge initiated by the Tear contested advantage.","She had heard of it in stories, heard that it was the greatest fortress in the world and the oldest, the first built after the Breaking of the World.",,
premiere,268,The Telling Blow,Event,,C,,,Thomas Manning,,,,,,,,1,Target a character or troop with damage participating in a challenge whose highest current ability is 1. Put a point of damage on the target.,"Suddenly the ship lurched, and a boom swung out of the shadows to catch the Trolloc across the chest with a crunch of breaking bones, sweeping it over the side.",,
premiere,269,The Tide of Battle,Challenge,,F,,,Jim Pavelec,,,,,,,,,"If you succeed, this card becomes a player advantage targeting you. Place one initiative token on it for each two you succeeded by. You may rotate the advantage to remove any number of initiative tokens. For each one removed, you may add a [support] or [opposition] to a card-based challenge. Discard the advantage when there are no tokens remaining on it.","... the tidal wave rushed on, closing holes and gaps apparently undiminished.",,
premiere,270,The Truth They Tell,Event,Limited,U,,,Ron Rousselle,,,,,,,,,"For every [politics][politics] or [onePower] you pay from a character with the Aes Sedai allegiance, you may add one [opposition] to a card-based challenge.","An Aes Sedai never lies, but the truth she speaks may not be the truth you think you hear.",,
premiere,271,The Way of the Leaf,Advantage,Character,C,,,April Lee,,,,,,,,,"This card may only be played by a Hero player. Target a character you control with no combat ability. The target gains +2 Politics ability, but cannot gain combat ability or roll combat dice. Any damage generated by the target is negated.","The leaf lives its appointed time, and does not struggle against the wind that carries it away. The leaf does no harm, and finally falls to nourish new leaves.",,
premiere,272,The Wheel Turns,Event,,R,,,Darrell Sweet,,,,,,,,,Pay [onePower][onePower] for each card-based challenge initiated this turn. Only the Pattern challenge can add tokens to the Pattern this turn.,"...he claimed this struggle had gone on since the Creation, an endless war between the Great Lord and the Creator using human surrogates.",,
premiere,273,The White Tower,Advantage,Player,R,,,Nan Fredman,,,,,,,,,"If you control the Tar Valon contested advantage by 5 or more, you may rotate this advantage when you succeed at the Pattern Challenge to add a token to your section of the Pattern.","And over all rose one tower, higher and wider than all the rest, as white as the Shining Walls themselves.",,
premiere,274,Thom Merrilin,Character,,R,Dragon,Gleeman,Tim Gerstmar,1,3,4,1,,,2,,Thom may pay [intrigue][intrigue][intrigue] as an event to force another player to discard a random card from his hand.,"There was a time Thom Merrilin was Court-bard right here in Caemlyn, and known to every royal court from Tear to Maradon.",,
premiere,275,Tight Formation,Advantage,Player,U,,,Kelly Goodeen,,,,,,,,2,"While a troop you control is the only troop you have participating in a given challenge, that troop gains +2 Combat ability.","...trotting into the fields to halt beyond bowshot, a hulking black mailed mass, deep and stretching the length of the village.",,
premiere,276,To The Victor,Advantage,Player,R,,,Nan Fredman,,1,,1,,,,,"Whenever you succeed at a card-based challenge you initiated, draw 1 card.","But it's my bet they'll wait and watch, and come to you once Couladin is done for. Victory settles a lot of arguments in most men's heads.",,
premiere,277,Training for War,Advantage,Troop,C,,,Tim Gerstmar,,,,,,,,,Target troop gains +1 Combat ability.,"The Warder never seemed to blink, and the practice sword in his hands moved surely and smoothly as he flowed from one stance to another.",,
premiere,278,Treaty,Challenge,,C,,,Jim Pavelec,,,,,,,,,"Choose an allegiance. If you succeed, this challenge becomes a player advantage for you. You may rotate this advantage as an event to generate one Politics symbol of the chosen allegiance.","We accept your conditions without reservation, Lord Bryne, and pledge ourselves to hold them. They are most reasonable.",,
premiere,279,Trolloc,Character,,F,Dark One,"Monster,Multiple",Chris Arneson,,,,,,,1,,The only cost to recruit this character is to rotate a character you control with the Dark One allegiance.,"A tall, bulky shadow, and snouted... It lifted its snout as if sniffing. Some of them hunted by scent.",,
premiere,280,Trolloc Fist,Troop,,R,Dark One,Monster,Paul Herbert,,,,,,,6,3,"One per turn, you may discard a trolloc troop you control from play to heal an amount of damage on the Trolloc Fist equal to the discarded troop's permanent Combat rating.","Trollocs with tusked boars' snouts or wolves' muzzles or eagles' beaks, some with heads horned or crested with feathers, wielded those oddly curved swords and spiked axes, hooked tridents and spears.",,
premiere,281,Trolloc Footmen,Troop,,F,Dark One,"Monster,Multiple",Paul Carrick,,,,,,,5,2,"When assigning damage from your opponent's troop damage pool, you may not place a point of damage on a non-trolloc troop until this troop has had a point of damage assigned to it.","Trollocs shrieked at the sudden light, but they did not stop swinging their spiked axes and swords, curved like scythes.",,
premiere,282,Trolloc Horn,Advantage,Character,R,,,Rob Carlos,,,,,,,,1,Target a trolloc character you control. Rotate this advantage as an event and pay [combat][combat] to find the top trolloc (character or troop) in your deck. Place it in your hand.,From the west came the keening wail of a horn. Lan's head whipped around to stare back down the road behind them. Rand felt a chill.,,
premiere,283,Trolloc Raiders,Troop,,U,Dark One,"Monster,Multiple",Chris Arneson,,,,1,,,3,,"When this troop is killed, draw a card.","A Trolloc can see better than a man in the dark, but bright lights blind them ... Some can track by scent or sound, but they're said to be lazy.",,
premiere,284,Trolloc War Band,Troop,,R,Dark One,"Monster,Multiple",Chris Arneson,,,,1,,,5,2,"If you have a ready Myrddraal that is standing down in the battleground, this card gains Reinforcement.","In the days of the Trolloc Wars, Halfmen led the Trollocs in battle, under the Dreadlords.",,
premiere,285,Twisting Fate,Challenge,,R,,,Jim Holloway,,,,,,,,,"Target another player. If successful, remove a token from his section of the Pattern. The total number of tokens on the target's section of the pattern counts as automatic opposition to this challenge.","There is always room for small changes, but sometimes the pattern simply won't accept a big change, no matter how hard you try.",,
premiere,286,Twists in the Pattern,Event,,R,,,Tony Szezudlo,,,,,,,,,Convert one of your Pattern tokens to a neutral token and target another player. That player must also convert one of his Pattern tokens to a neutral token.,"Yesterday, in this village the Pattern... moved, shaped itself around him like clay shaped on a mold.",,
premiere,287,Two Rivers Archers,Troop,,U,Andor,,David Monette,,2,,,,,3,,"The Two Rivers Archers roll their dice during the Opening Moves step (instead of the Coming to Grips step). Whenever the Two Rivers Archers take a point of damage, immediately apply an additional point of damage to them.",A long column of farmers four abreast on horseback made the bulk of it... every one of them in Vilnar's sight had the longest bow he had ever seen.,,
premiere,288,Unexpected Ally,Event,Limited,F,,,Darrell Sweet,,,,,,,,,Roll two Politics dice. Add any [politics] you generate to your pool. They have all allegiances.,"I have given my entire life to the search for you, to find you and help you.",,
premiere,289,Verin Sedai,Character,,R,Aes Sedai,"Brown Ajah,Light Nature",Bill O'Conner,1,,2,1,2,2,,,"While you control Verin, your maximum hand size is increased by one.","She was plump, square faced woman, and even with the Aes Sedai gift of agelessness, there was a touch of gray in her brown hair.",,
premiere,290,Wall of Fire,Event,,R,,,Eric Anderson,,,,,,,,,"During the Opening Moves step of a challenge, target one participating troop for each [onePower] you pay. The targeted troops may rotate to stand down. If they do not stand down, each troop takes as much damage as it rolls.","She pointed to the hollow between the hills, and flame gouted from the ground, a fountain twenty feet high.",,
premiere,291,Wandering Noble,Character,,C,Mercenary,Multiple,Tim Gerstmar,2,2,,,,,,,,"Who can say what turns a man of high birth against his own? Debts and old scores, perhaps, or the accumulated stubbornness and squabbles of years.",,
premiere,292,Ward of Protection,Event,,R,,,Diana Stein,,,,,,,,,"For each [onePower] you pay, the cost for every other player to target you (or a card you control) with an event is increased by one [onePower].","...much of that fire suddenly died or exploded short of any target, many of the lightning bolts stopped abruptly...",,
premiere,293,Waygate,Event,,U,,,Paul Herbert,,,,,,,,,"Select one of: your home front; a challenge; or standing down. Target any number of characters and troops you control at the selected location. Roll one Intrigue dice for each card targeted. For each damage result rolled, kill one target. The remaining cards reinforce one unresolved challenge.",Then darkness fell along the bridges. Some who went in were never seen again.,,
premiere,294,Weariness,Advantage,Character,U,,,Kelly Goodeen,,,,,,,,,"If the target participated in a challenge last turn, he does not ready during the ready round. The target's controller may pay two ability symbols of any type(s) as an event to discard this advantage.","Cloud stood head down, sides heaving. Rand thought that Cloud would not be carrying anyone further that night.",,
premiere,295,What Might Be,Event,,R,,,Ed Beard,,,,,,,,,Convert one of your Pattern tokens to a neutral token. Target an event card in your discard pile that is not the top event in that pile. Put the target card in your hand.,It was so real... Was it real?,,
premiere,296,Whispers in the Dark,Event,,C,,,Ron Walotsky,,,,,,,,,This card may only be played by a Villain player. Roll an Intrigue die for each token on your section of the Pattern. Apply any [support] or [opposition] rolled (as appropriate) to a card based challenge of your choice.,"Nobody ever sees him coming - he's just there all of a sudden, day or night, freezing you where you stand. People are starting to look over their shoulders.",,
premiere,297,Wolves,Troop,,U,Mercenary,"Wolf,Multiple,Reinforcement",Rob Carlos,,,,,,,2,1,You must control a Wolfbrother to bring Wolves into play. You must discard Wolves if you do not control a Wolfbrother. Wolves gain +1 Combat while participating in a challenge against monster troops. This troop cannot be the target of advantages.,Every wolf remembers the history of all wolves ... Wolves hate Trollocs and Halfmen worse than wildfire ...,,
dark_prophecies,105,Second Squadron,Troop,,U,Dragon,Band of the Red Hand,David Cherry,,1,,,,,3,1,"This troop gains +1 Combat for every 3 Band of the Red Hand troops you control. While participating in a challenge, this troop adds [damage] to your character damage pool during the Opening Moves step.",...followed by fifty or more archers with quivers on hips and bows slung on shoulders.,,
dark_prophecies,139,Third Squadron,Troop,,U,Dragon,Band of the Red Hand,Steve Snyder,,,,,,,3,1,This troop gains +1 Combat for every 3 Band of the Red Hand troops you control. All [opposition] generated by this troop may be converted into [support].,"A troop of foot behind a mounted officer in a dented breastplate and Cairhienin helmet marched... close to two hundred pikemen, weapons a tall forest of spikes...",,
dark_prophecies,33,First Squadron,Troop,,U,Dragon,"Band of the Red Hand,Reinforcement",David Cherry,,1,,,,,3,1,This troop gains +1 Combat for every 3 Band of the Red Hand troops you control. All Band of the Red Hand troops you control have Reinforcement.,"Edorion's five hundred called themselves Edorion's Hammers, not the First Squadron.",,
dark_prophecies,61,Leane Sedai,Character,,R2,Aes Sedai,"Blue Ajah,Keeper of the Chronicles",Tina Druce-Hoffman,3,2,2,1,2,2,,,"As an event, rotate to draw 1 card, or 2 cards if you control the Amyrlin Seat. When you use this ability, discard your entire hand at the end of the resolution round.","The staff she held upright before her with both hands was as tall as she, the gilded flame capping it standing above her eyes.",,
dark_prophecies,31,Faile,Character,,R1,Dragon,"Borderland,Saldaean,Hunter of the Horn",David Cherry,2,1,2,1,,,1,1,"The number of tokens on your section of the pattern is treated as being 2 higher, but only for purposes of fulfilling character recruitment and replacement requirements.","My father is Davram of House Bashere, Lord of Bashere, Tyr and Sidona, Guardian of the Blightborder, Defender of the Heartland, Marshal-General to Queen Tenobia of Saldaea.",,
dark_prophecies,55,Kin Tovere,Character,,U,"Dragon,Cairhien",,David Monette,,,1,2,,,,,"As an event, rotate to give all Cairhien troops you control Reinforcement for the rest of the turn.","A wonderful thought, this tower. I would never have conceived it, but once you started asking how far you could see with a looking glass...",,
dark_prophecies,117,The City of Illian,Advantage,Player,R2,,Capital of Illian,Steve Snyder,,,,,,,,,"While you control the Illian nation contested advantage, when you gain pattern from a Pattern Challenge, you may return a challenge card of your choice in your discard pile to your hand.","Illian had no walls at all, but it seemed to be all towers and palaces.",,
dark_prophecies,34,Galad,Character,,R2,"Andor,Children of the Light",,Ran Ackels,1,2,,,,,4,2,"While participating in a challenge, Galad additionally generates [damage][damage] when he rolls his dice.",You should be proud; he is one of the best young officers among the Children.,,
dark_prophecies,132,The Seals,Advantage,World,R2,,Contested Advantage,Steve Snyder,,,,,,,,,"May only be played if there is less than 10 pattern total in the game. If any Hero player controls this advantage by 7 or more, all Hero players generate an additional amount of [support] and [opposition] equal to twice their current pattern during the Last Battle. If any Villain player controls this advantage by 7 or more, all Villain players generate an additional amount of [support] and [opposition] equal to twice their current pattern during the Last Battle.","It was a disc the size of a man's hand, seemingly made of two tear drops fitted together, one black as pitch, the other white as snow.",,
dark_prophecies,66,Lord Argirin Darelos,Character,,U,Illian,Council of Nine,Steve Snyder,2,,2,2,,,,,"As a limited event, rotate while participating in a challenge to target a character with no permanent One Power ability participating in the same challenge. The target rotates for no effect.","...the Council of Nine could have any palace they wished, just as long as they did not try to build one larger than his.",,
dark_prophecies,67,Lord Ballin Elamri,Character,,U,Illian,Council of Nine,Steve Snyder,2,1,,,,,,,"If you control a member of the Council of Nine, there is no cost to recruit this character.",...lords of the Nine with him merely wore grim determination on thier faces.,,
dark_prophecies,72,Lord Eliris Mancuri,Character,,U,Illian,Council of Nine,Steve Snyder,2,1,1,1,,,2,1,"As a limited event, rotate to reduce the cost of all characters and troops with the Illian allegiance you recruit this turn by [combat]. (This reduction applies after all other modifiers.)","...others of the Council of Nine, leaning in thier saddles to speak softly and uneasily among themselves.",,
dark_prophecies,73,Lord Ershin Netari,Character,,U,Illian,Council of Nine,Steve Snyder,1,,,,,,2,2,"As an event, pay an ability symbol generated by Lord Ershin Netari to remove 1 point of damage from a troop you control with the Illian allegiance.","For that matter, Ershin Netari kept glancing back toward Jeordwyn...",,
dark_prophecies,75,Lord Jeordwyn Semaris,Character,,U,Illian,Council of Nine,Steve Snyder,2,1,1,1,,,,,"While participating in a contested advantage challenge, Lord Jeordwyn Semaris additionally generates [support][support][opposition][opposition] when he rolls his dice.",...lordlings do always come down to the decks for wenching and carousing...,,
dark_prophecies,76,Lord Kiril Drapeneos,Character,,U,Illian,Council of Nine,Steve Snyder,2,1,1,,,,,,"If Lord Kiril Drapeneos does not generate any ability symbols when he rolls his dice, he does not ready next turn.",...a stork of a man whose square-cut beard looked odd on his narrow face...,,
dark_prophecies,78,Lord Spiron Narettin,Character,,U,Illian,Council of Nine,Steve Snyder,1,1,1,1,,,3,2,Damage generated by Lord Spiron Narettin is converted into troop damage.,"The Nine did forbid any ship to sail for Tear a month gone now, nor any from Tear to call here...",,
dark_prophecies,69,Lord Comar,Character,,U,Andor,Dark Nature,Liz Danforth,2,,,1,,,2,1,"As an event, rotate to search your deck for a Darkfriend character advantage, and place it in your hand. You may play the Darkfriend character advantage for no cost.","He was a fine soldier, but it is said he left the Guard over some matter of weighted dice. Not that anyone says that to his face.",,
dark_prophecies,148,White Lions,Troop,,U,Andor,Dark Nature,Jim Holloway,,,,2,,,4,,The White Lions may participate in challenges with Monsters.,"The new men. No better than brigands, most of them...",,
dark_prophecies,81,Melindhra,Character,,U,Aiel,"Maiden of the Spear,Shaido Aiel,Dark Nature",Jim Pavelec,,,,,,,3,1,"You must have 3 pattern to recruit Melindra. Symbols generated by this character may not be used for recruiting. As an event, rotate and kill Melindhra to put 1 point of damage on any character.","Some oaths are more important than others, Mat Cauthon.",,
dark_prophecies,23,Couladin,Character,,R2,Aiel,"Shaido Aiel,Black Eyes,Dark Nature",Steve Snyder,2,1,,,,,4,3,"If you control the Car'a'carn character advantage, discard this card. While Couladin is participating in a challenge, all Aiel troops you control participating in the same challenge roll an additional Combat die when they roll their dice. Remove 1 point of damage from Couladin at the beginning of the challenge round.",It is death for him to be on this ground! Why has Rhuarc brought him? Why?,,
dark_prophecies,16,Chesmal Sedai,Character,,U,Aes Sedai,"Yellow Ajah,Black Ajah,Dark Nature",Liz Danforth,,,2,2,2,1,,,"As a limited event, rotate and target a character with damage. The target takes an additional point of damage, and Chesmal Sedai does not ready next turn.","...a tall, handsome woman, dark-haired and dark-eyed.",,
dark_prophecies,9,Be'lal (II),Character,,R1,Dark One,Forsaken,David Cherry,,,2,,4,4,4,,"Only ability symbols generated by a Forsaken may be used to recruit this character. Symbols generated by this character may not be used to recruit. You may initiate the Callandor challenge if the Dragon Reborn is in play. If the challenge is successful, place the Callandor advantage on Be'lal. If it is unsuccessful, place it on the Dragon Reborn. As an event, discard this card to add 5 support to the Callandor challenge.",I confess surprise that you cared enough to make them useful.,,
dark_prophecies,38,Graendal (II),Character,,R1,Dark One,Forsaken,Steve Snyder,3,,3,,4,4,,,"Only ability symbols generated by a Forsaken may be used to recruit this character. Symbols generated by this character may not be used to recruit. When Graendal rotates to heal, you may reveal any number of cards in your hand with the name Graendal. For each card revealed, remove an additional point of damage from Graendal. As an event, discard from your hand to remove up to 2 damage from your starting character.",They won't speak out of turn. They worship me. Don't you?,,
dark_prophecies,53,Ishamael (II),Character,,R1,Dark One,Forsaken,David Cherry,1,,2,,5,4,1,,"Only ability symbols generated by a Forsaken may be used to recruit this character. Symbols generated by this character may not be used for recruiting. As an event, rotate to add a token to a contested advantage, or rotate and discard from play to add 5 tokens to a contested advantage. As an event, discard from your hand to add a token to a contested advantage.","Do you serve yourself now, Lanfear? Have you abandoned your oaths to the Great Lord of the Dark?",,
dark_prophecies,96,Rahvin (II),Character,,R1,Dark One,Forsaken,David Cherry,3,,2,,4,4,,,"Only ability symbols generated by a Forsaken may be used to recruit this character. Symbols generated by this character may not be used to recruit characters and troops with the Dark One allegiance. As an event, rotate and target a non-Monster character you control. Symbols generated by the target gain all allegiances until the end of the turn. As an event, discard from your hand to search your deck for a Forsaken, and place it in your hand.",Now she reports exactly what I want her to...,,
dark_prophecies,58,Lanfear (II),Character,,R1,Dark One,"Forsaken,Dreamwalker",Steve Snyder,2,,2,,5,4,,,"Only ability symbols generated by a Forsaken may be used to recruit this character. Symbols generated by this character may not be used to recruit. While Lanfear is participating in a challenge, if a participant whose highest permanent ability is 2 or less receives exactly 1 damage from a damage pool, it takes an extra point of damage. As an event, discard from your hand to remove all damage from a Dreamwalker.",...why share the honor and the rewards further than need be?,,
dark_prophecies,83,Moghedien (II),Character,,R1,Dark One,"Forsaken,Dreamwalker",Steve Snyder,1,,2,,4,3,,,"Only ability symbols generated by a Forsaken may be used to recruit this character. Symbols generated by this character may not be used to recruit. This card may be recruited if it is in your killed pile. If a copy of this card is in your killed pile, you may recruit this card for no cost. As an event, discard from your hand to place a point of damage on a non-starting Dreamwalker character.",All my careful planning ruined.,,
dark_prophecies,3,Alanna Sedai,Character,,U,Aes Sedai,"Green Ajah,Bonded to Ihvon,Bonded to Owein",Clyde Caldwell,2,1,1,,2,1,,,"As an event, Alanna may pay [onePower] to generate [combat].",Do you have any idea how many towns and villages we usually must visit to find three girls with the ability inborn?,,
dark_prophecies,100,Rhadam Asunawa,Character,,R2,Children of the Light,High Inquisitor,Ran Ackels,2,1,3,2,,,,,"As an event, target another player and pay an ability symbol generated by Rhadam Asunawa. The target removes an ability symbol of the same type from his pool (if possible).","His gaunt face was a picture of martyred suffering, so that his sweat might have been taken for tears, but his deep-set eyes seemed to burn with the heat that had boiled away all his spare flesh.",,
dark_prophecies,56,King Mattin Stepaneos,Character,,R2,Illian,King of Illian,Steve Snyder,3,3,1,1,,,2,1,"When you recruit this card, you may search your deck for the Illian nation contested advantage and place it in your hand. The King of Illian gains +1 Politics, Intrigue, and Combat while you control the Illian nation contested advantage.","The King and the Council of Nine duel with each other, and the Assembly struggles with both...",,
dark_prophecies,8,Bayle Domon,Character,,R2,Illian,Light Nature,Rob Carlos,2,1,2,1,,,2,1,"As a limited event, rotate and target any number of characters and/or troops you control which are participating in the same challenge. The targets are moved to your homefront, and are no longer participating in the challenge.","My name be Bayle Domon, captain and owner of the Spray, which be this ship...",,
dark_prophecies,35,Gawyn,Character,,R2,Andor,Light Nature,David Cherry,1,1,1,,,,3,2,"Ability symbols with the Aes Sedai allegiance may be used to recruit Gawyn without causing an allegiance penalty. Gawyn may participate in the Tar Varlon contested challenge. If you control The Younglings, they have +1 Combat.","...my mother always used to say, ""Even a queen must obey the law she makes, or there is no law.""",,
dark_prophecies,70,Lord Dobraine,Character,,U,Cairhien,Light Nature,Diana Stein,1,1,2,1,,,2,1,"As a limited event, Lord Dobraine may pay any 2 ability symbols he generated to add [politics], [intrigue], or [combat] to your pool. These symbols have the Cairhien allegiance.",The colorful slashes down the chest of his coat were worn from a breastplate being buckled over them.,,
dark_prophecies,74,Lord Gregorian Panar,Character,,R2,Illian,"Council of Nine,Light Nature",Steve Snyder,2,2,1,,,,1,,"As an event, rotate to give each member of the Council of Nine +1 to his highest current ability (you choose one of the tied abilities, if tied), until the end of the turn.","Rand had seen the Illianer in the thick fighting leading his men, shouting encouragement and laying his sword about with wild abandon...",,
dark_prophecies,29,Elayne the Accepted,Character,,R2,"Aes Sedai,Andor","Daughter-Heir,Accepted,Light Nature,Bonded to Birgitte",Ran Ackels,3,,1,,2,,,,"Replace Elayne Trakand. As an event, rotate to search your deck for Min and/or Aviendha and place them in your hand. This card does not count as a character card for starting hand selection purposes.","Are you a loyal subject of Andor? Do you not wish to serve the Lion Throne, and your Daughter-Heir?",,
dark_prophecies,5,Bair,Character,,U,Aiel,"Wise One,Shaarad Aiel,Light Nature,Dreamwalker",David Monette,2,2,1,1,,,,,All Dreamwalker characters you control gain +1 Intrigue.,"Put on a dress and come to me, and I will see if you can be trained. Until then, be silent when Wise Ones speak!",,
dark_prophecies,114,Sulin,Character,,U,Aiel,Maiden of the Spear,David Monette,1,1,,,,,3,1,"Symbols generated by this character may not be used to recruit. When you recruit Sulin, target a character you control. As an event, rotate this card to move up to 3 damage from the target to Sulin.","I am what I am. This is what I am. I am the spear. When a lover came between me and the spear, I chose the spear.",,
dark_prophecies,140,Trolloc Guard,Troop,,C,Dark One,Monster,Steve Snyder,,,,,,,2,1,"As an event, rotate and kill this troop to remove up to 2 damage from a character you control with the Dark One allegiance.","Head and shoulders taller than the tallest man there, they were a stomach-turning blend of man and animal, human faces twisted and altered.",,
dark_prophecies,141,Trolloc Horde,Troop,,C,Dark One,Monster,Steve Snyder,,,,,,,5,1,This troop may only participate in challenges you initiate.,"The forces of the Dark One filled the other end of the pass, bristling black pikes and spearpoints swelling up onto mountain slopes made blacker still by the great mass of Trollocs that dwarfed the army of Shienar. Fades in hundreds rode across the front of the horde.",,
dark_prophecies,12,Cairhien Guard,Troop,,C,Cairhien,Multiple,Ron Walotsky,,,,1,,,3,1,"As an event, rotate this card and target a troop participating against this troop to blank the effect text of the target until the end of the turn.",Cairhienin in dark coats and battered breastplates and helmets like bells cut away to expose their faces.,,
dark_prophecies,17,Child of the Light,Character,,C,Children of the Light,Multiple,Rob Carlos and Ran Ackels,1,,,,,,1,1,"As an event, rotate to reduce the cost of the next card you recruit this turn with the Children of the Light allegiance by one ability symbol of your choice. (This reduction applies after all other modifiers.)","The Children have authority wherever the Light is, witch, and where the Light is not, we bring it.",,
dark_prophecies,20,Combined Army,Troop,,U,,Multiple,Steve Snyder,,,,,,,6,,"There is no cost to recruit this troop. If you do not discard from play 2 non-Monster troops you control with different allegiances when you recruit this troop, kill it immediately. This troop has the same allegiance(s) as your starting character.","In all of the individual camps across the heath, wagons and carts were being loaded, horses saddled.",,
dark_prophecies,45,Hunting Party,Troop,,C,Aiel,Multiple,Steve Snyder,,,,,,,4,2,"As an event, you may remove [damage][damage] generated by this troop from your troop damage pool to add [damage] to your character damage pool.",Wash the spears - Who fears to die? Wash the spears- No one I know!,,
dark_prophecies,47,Illian Lancers,Troop,,C,Illian,Multiple,Steve Snyder,,1,,,,,4,1,All damage generated by this troop must be assigned to a single opposing troop (even if this would be more damage than is required to kill the opposing troop).,"A mile west of the ridge, the camps began, men and horses and cookfires...",,
dark_prophecies,48,Illian Spearmen,Troop,,C,Illian,Multiple,Steve Snyder,,,,,,,3,1,"As an event, rotate this card while at the battleground to remove 1 point of damage from it.","...is still bringing more men up? ...Every man in Illian who can hold a spear without tripping over it, or so it seems.",,
dark_prophecies,95,Questioner,Character,,U,Children of the Light,Multiple,David Cherry,1,,1,1,,,,,"If another player recruited a character with the Dark One or Aes Sedai allegiance this turn, you may rotate this card and discard a card in your hand as an event to draw a card.","The Questioners always have their reasons, even when they do not tell the rest of us.",,
dark_prophecies,102,Saboteurs,Troop,,R3,Mercenary,Multiple,Steve Snyder,,,,1,,,2,,"As an event, rotate Saboteurs and target a troop controlled by another player. Roll Saboteurs' dice and apply any damage to the target. The target may then roll its dice and apply any damage to Saboteurs.","They were a mismatched lot, some in steel caps, three wearing leather shirts sewn with steel scales, rough-faced men, possibly deserters from the army...",,
dark_prophecies,109,Soldier of War,Character,,C,Mercenary,Multiple,David Cherry,,,,,,,3,2,"As an event, rotate to search your deck for the first contested advantage, and place it in your hand.","Attack on ground where your enemy believes you are not, from an unexpected direction at an unexpected time.",,
dark_prophecies,30,Eyeless,Character,,U,Dark One,"Monster,Multiple,Myrddraal",Steve Snyder,,,,,,1,3,1,"Symbols generated by this character may not be used for recruiting. As a limited event, rotate and target a character or troop participating in a challenge. The target rolls one less die than normal for each ability.","He wanted to run, but it was all he could do to make his feet take one halting step at a time. He could not break free of that eyeless gaze...",,
dark_prophecies,40,Half Legion,Troop,,C,Children of the Light,"Multiple,Reinforcement",David Cherry,,,,,,,3,1,"Once per turn, as an event, you may rotate a character you control with the Children of the Light allegiance and target this troop to give this troop +1 Combat until the end of the turn.","...cloaks with the golden sunburst bright, helmets and armor gleaming, lance points shining, a long column of fours that stretched back between the nearest houses.",,
dark_prophecies,64,Light Brigade,Troop,,C,Children of the Light,"Multiple,Reinforcement",Ron Walotsky,,,,,,,2,1,"The Light Brigade is recruited into the battleground. At the start of the draw round, this card is returned to its owner's hand.","...a double column of maybe a hundred mountain men, pristine and precise, trailed off toward the Waterwood at a brisk walk, lances all at the same angle.",,
dark_prophecies,147,Warders,Troop,,U,Aes Sedai,"Multiple,Warder",Ron Walotsky,,,,,,2,4,,"Once per turn, as an event, you may target a character you control with the Aes Sedai allegiance participating in the same challenge as this troop to move up to 4 damage from the target to this troop.","Round faces, square faces, long faces, narrow faces, they all had the look, as if they saw things other men did not see, heard things other men did not hear. Standing at their ease, they looked as deadly as a pack of wolves.",,
dark_prophecies,46,Illian,Advantage,World,U,,Nation Contested Advantage,Ellisa Mitchell,,,,,,,,,"If you control Illian, as an event you may rotate this card to target an Illian troop you control. If the target rotates to heal this turn, remove all damage from it. If you control Illian by 5 or more, you may rotate characters as you recruit them and roll their dice to generate ability symbols. These symbols are added to your pool.","...the Illianers would follow the Dragon, or Ba'alzamon himself, if he came bearing the Horn of Valere...",,
dark_prophecies,121,The Great Lord Comes,Advantage,Player,R2,,Prophecy,Ed Beard,,,,,,,,,"Requirements: Initiate and win 3 card-based challenges, and recruit 3 Forsaken. Benefits: During the Last Battle, you may discard this card as an event to place 6 damage on each of 3 different characters participating in the challange.",Swift come the Great Lord of the Dark to guide us and rule the world forever and ever.,,
dark_prophecies,128,The Lord of Chaos,Advantage,Player,R2,,Prophecy,Randy Asplund,,,,,,,,,"Requirements: A Forsaken you control rolls [onePower][onePower][onePower]. Benefits: While participating in card-based challenges, characters you control additionally generate [support][opposition] when they roll their dice.","Then listen, and serve. Hear who will die and who will live.",,
dark_prophecies,133,The Shadows Rising,Advantage,Player,R2,,Prophecy,Paul Herbert,,,,,,,,,"May only be played by a Villain player. Requirements: Have 3 more pattern than when you played this card. Benefits: Gain a pattern, search your deck and remove up to 10 cards of your choice from the game, and you may take a card from your discard pile and place it in your hand for each 3 tokens on your section of the pattern.","The Shadow shall rise across the world, and darken every land, even to the smallest corner, and there shall be neither Light nor safety.",,
dark_prophecies,134,The Stone Shall Fall,Advantage,Player,R2,,Prophecy,Eric Anderson,,,,,,,,,"Requirements: Initiate the Callandor challenge, and win it by 5. Benefits: Search your deck for up to 5 cards with the Tear allegiance and put them directly into play in your homefront.","And it was written that no hand but his should wield the Sword held in the Stone, but he did draw it out, like fire in his hand, and his glory did burn the world.",,
dark_prophecies,142,Twice Shall He Be Marked,Advantage,Player,R2,,Prophecy,Paul Herbert,,,,,,,,,"Requirements: Initiate and win 2 Pattern Challenges in which the Dragon Reborn is your only participating character and has the Heron-Mark Blade character advantage. Benefits: All Villain players discard their hands, place the top 10 cards of their deck into their discard pile, and may not ready any cards next turn.","Twice and twice shall he be marked, twice to live and twice to die.",,
dark_prophecies,1,A New Empire,Advantage,Player,R2,,"Prophecy,Repeatable",David Cherry,,,,,,,,,"May only be played by a Hero player. Requirements: Control a target nation contested advantage by 5 or more. Benefits: As an event, you may rotate the target to fill your hand to your maximum hand size and move a neutral token to your section of the Pattern (if possible). These benefits may only be gained once for each nation contested advantage.","For two generations, while the great ships were built to carry the Return, the Ever Victorious Army had trained and prepared.",,
dark_prophecies,26,Defenders of the Stone,Troop,,U,Tear,Reinforcement,Steve Snyder,,1,,,,,5,,"As an event, you may move this troop from your homefront to the battleground. This troop may only participate in the Tear nation contested challenge or in a challenge that targets you or a card you control.","A ring of fifty Defenders stood rigidly in the middle of the room, breastplates and rimmed helmets gleaming, spears all slanted at exactly the same angle.",,
dark_prophecies,62,Legion,Troop,,R2,Children of the Light,Reinforcement,Nick Jainschigg,,1,,,,,6,2,"As a limited event, rotate and kill an undamaged troop you control with the Mercenary allegiance to remove all damage from this troop.",The legion will advance at a trot. The legion will charge!,,
dark_prophecies,118,The Companions,Troop,,R2,Illian,Reinforcement,Ron Walotsky,,2,,,,,6,1,"As an event, while participating in a challenge, you may remove 1 point of damage generated by this troop to remove 1 point of damage from any troop damage pool.",Hooves thundered past Rand on either side in thick streams. Galloping north toward the Seanchan.,,
dark_prophecies,32,Far Dareis Mai,Troop,,U,Aiel,"Maiden of the Spear,Reinforcement",Diana Stein,,,,,,,3,1,"Once per turn, as an event, you may target a character you control with the Car'a'carn character advantage participating in the same challenge as this troop to move up to 3 damage from the target to this troop.",Far Dareis Mai carries my honor.,,
dark_prophecies,44,Hopper,Character,,U,Mercenary,"Wolf,Reinforcement",Liz Danforth,,,,,,,3,1,"You must control a Wolfbrother to bring Hopper into play. Discard Hopper if you do not control a Wolfbrother. Hopper cannot be the target of advantages. Ability symbols generated by Hopper are ignored. If Hopper is placed in a killed pile, all Wolfbrothers you control permanently gain the trait Dreamwalker.","He was sure he knew the wolf whose thoughts he heard. Hopper, who had envied the eagles.",,
dark_prophecies,104,Sebban Balwer,Character,,R2,Children of the Light,Spymaster,David Cherry,,1,4,2,,,,,"During the determine participation step, target any number of characters or troops in the battlefield, up to the number of tokens on your section of the pattern. For each target, its controller must reveal to you which challenge it will be participating in, or if it will be standing down.","Even Omerna himself did not know he was but a decoy to keep eyes away from the true master of spies, a man known only to Niall himself. Sebban Balwer, Niall's dry little stick of a secretary.",,
dark_prophecies,97,Rand al'Thor (V),Character,,R2,Dragon,"Starting Hero,Dragon Reborn,Ta'veren",Darrell Sweet,1,,1,,2,,2,,"The first time the Dragon Reborn rolls at least [onePower][onePower], he permanently gains +1 One Power. If the Dragon Reborn generates less than 3 ability symbols when he rolls his dice, he additionally generates [onePower][politics].","...yet shall the Dragon Reborn confront the Shadow at the Last Battle, and his blood shall give us the Light.",,
dark_prophecies,98,Rand al'Thor (VI),Character,,R2,Dragon,"Starting Hero,Dragon Reborn,Ta'veren",Darrell Sweet,1,,,,3,,1,,"If the Dragon Reborn rolls at least [politics], he permanently gains +1 Politics to a maximum of 3. If the Dragon Reborn rolls at least [combat], he permanently gains +1 Combat to a maximum of 3. The first time the Dragon Reborn rolls at least [onePower][onePower], he permanently gains +1 One Power.","The Dragon shall be Reborn, and there shall be wailing and gnashing of teeth at his rebirth...",,
dark_prophecies,99,Rand al'Thor (VII),Character,,R2,Dragon,"Starting Hero,Dragon Reborn,Ta'veren",Darrell Sweet,,,,,2,,2,,"If the Dragon Reborn rolls at least [onePower][onePower], he permanently gains +1 One Power to a maximum of 4. As a limited event, rotate to generate [politics][politics][intrigue][combat].",The Prophecies will be fulfilled... The Dragon is Reborn.,,
dark_prophecies,103,Sammael (I),Character,,R2,Dark One,"Starting Villain,Forsaken",Steve Snyder,,,1,,4,,3,,"Once per turn, as a limited event, you may pay [combat][combat] from your pool to search your deck for the first troop advantage, and place it in your hand. If you control no Monsters, Sammael rolls an additional 2 Combat dice when he rolls his Combat dice while participating in a challenge with a troop you control.","I won't destroy what belongs to me killing you, and I won't let you destroy it, either. You had the nerve to come after me here? Do you have the courage to follow me again?",,
dark_prophecies,80,Mat the Gambler,Character,,R2,Dragon,Ta'veren,Ran Ackels,,,3,,,,2,,"Replace Mat Cauthon. You may reroll up to three of Mat's dice each turn (immediately after making his initial roll, the old results are ignored). As an event, Mat may pay any 2 ability symbols he generated to remove 1 point of damage from himself. Mat the Gambler also has all of the Dragon Reborn's allegiances.","He had always won more than he lost, as far as he could remember, and there had been times with Hurin, and in Shienar, when six or eight tosses in a row won for him. Tonight, every toss won.",,
dark_prophecies,22,Consumed by the Blight,Event,,U,,Terrain,Ran Ackels,,,,,,,,,"Target a card-based challenge. Only one terrain card may target each challenge. When rolling their dice while participating in the challenge, all Monsters roll an additional Combat die.","Mile by mile the corruption of the Blight became more apparent. Leaves covered the trees in ever greater profusion, but stained and spotted with yellow and black, with livid red streaks like blood poisoning.",,
dark_prophecies,25,Deep Waters,Event,,U,,Terrain,Ran Ackels,,,,,,,,,"Target a card-based challenge. Only one terrain card may target each challenge. Myrddraal, Trolloc characters, and Trolloc troops may not participate in the target challenge.",Trollocs and Myrddraal loathe deep water. Trollocs are terrified of it. Neither can swim.,,
dark_prophecies,84,Narrow Pass,Event,,C,,Terrain,David Pavlec,,,,,,,,,Target a card-based challenge. Only one terrain card may target each challenge. Each player may only participate in the target challenge with a maximum of 2 characters and 2 troops.,"Under the looming Spine of the World, Rand guided Jeade'en up the stony slope from the foothills that began the foot of the Jangai Pass.",,
dark_prophecies,150,Young Bull,Character,,R2,Dragon,"Wolfbrother,Ta'veren,Reinforcement",Darrell Sweet,1,,,,,,4,,"Replace Perrin Aybara. All Wolf characters and troops you control have +1 Combat. As an event, Young Bull may convert 1 point of character damage he generates into 1 point of troop damage. Young Bull also has all of the Dragon Reborn's allegiances.","They have caged Shadowkiller, he thought at last... That was what the wolves called Rand... We come, Half Tailed replied at last. We come.",,
dark_prophecies,2,Advanced Maneuvers,Challenge,,C,,,Matt Cavotta,,,,,,,,,"If successful, no cards controlled by any other player may participate in a card-based challenge you initiate next turn.","I think it's a deadly stew, is what I think. Somebody's going to choke to death on it. The Light send it isn't us.",,
dark_prophecies,4,Asmodean (II),Character,,R1,Dragon,,David Cherry,,,2,,1,2,,,"Only ability symbols generated by the Dragon Reborn may be used to recruit this character. Symbols generated by this character may not be used to recruit. As an event, rotate to give the Dragon Reborn +2 One Power until the end of the turn. As an event, discard from your hand to give the Dragon Reborn +3 One Power until the end of the turn.",He had the courage for an ambush he thought would set him above the rest of us.,,
dark_prophecies,6,Balefire,Event,,R3,,,Jim Holloway,,,,,,3,,,"Play during the Opening Moves step of a challenge. Symbols used to pay for this card must all come from the same character. Roll 2 One Power dice when you play this card. If you roll [onePower][onePower], kill your starting character. Target a non-starting character participating in the challenge. The target is killed. If the target has the Ta'veren ability to prevent damage, its controller may convert 2 pattern to negate the effects of this event to the target.","Since before the Breaking of the World, the use of Balefire has been forbidden.",,
dark_prophecies,7,Battle Plan,Advantage,Player,C,,,Ed Beard,,,,,,,,,"When you win a card-based challenge you initiated which did not directly give you pattern, place a token on this card. During the Last Battle, you additionally generate [support][opposition] for each token on this card. As an event, rotate this card during the action round to remove a point of damage from a card you control for each token on this advantage.",Simple plans were best...,,
dark_prophecies,10,Blockade Runners,Troop,,U,Illian,,Ron Walotsky,,1,,1,,,4,1,"While participating in a card-based challenge, this troop additionally generates [opposition][opposition][opposition] when it rolls its dice.","Surely, Captain, you would be willing to sail along the shoreline for a thousand gold marks.",,
dark_prophecies,11,Blood and Ashes,Advantage,Player,R3,,,Eric Anderson,,,,,,1,,,"You may rotate your starting character to play this card for free, instead of paying its printed cost. When you play this card, name an event; no copy of that event may be played while this card remains in play. If any player discards a copy of the named event, discard this card.",Blood and ashes! Blood and bloody ashes!,,
dark_prophecies,13,Cairhien Veterans,Troop,,U,Cairhien,,Steve Snyder,,2,,,,,5,1,"As an event, pay any 2 ability symbols with the Cairhien allegiance to remove 1 point of damage from this troop.",Soldiers always ate well and often when they could; campaigning usually brought scant meals.,,
dark_prophecies,14,Captain Caldevwin,Character,,U,Cairhien,,David Monette,1,,1,1,,,3,2,"All Cairhien Horsemen troops you control permanently gain the trait Multiple, and roll an additional Combat die when they roll their dice while participating in a challenge with Captain Caldevwin.",We have so few strangers here that I find I wish to know every one.,,
dark_prophecies,15,Charismatic Leader,Advantage,Character,C,,,Tina Druce-Hoffman,,,,,,,,,Target a Forsaken you control. Choose an allegiance of a troop you control (if any). The target gains +1 Politics and the chosen allegiance. Discard this card if you control a Monster.,"It seems Gaebril has been named King of Andor. And Cairhien, too, for that matter.",,
dark_prophecies,18,Circle of Light,Advantage,Player,C,,,Rob Carlos,,,,,,,,,"When you recruit a non-Wolf Mercenary card, it permanently gains the Children of the Light allegiance. Discard all non-starting characters and troops you control which do not have the Children of the Light allegiance. At the resolution of the Last Battle gain an additional [support][opposition] for each token on the neutral section of the pattern.","Tattered wall hangings, once battle banners of the enemies of his youth, faded into dark wood paneling laid over stone walls, thick even here in the heart of the Fortress of the Light.",,
dark_prophecies,19,Combat Training,Advantage,Player,C,,,Nick Jainschigg,,,,,,,,,"As an event, rotate this card and a troop you control. Roll the troop's current dice. If the troop generates a number of [combat] greater than or equal to 1 less than its permanent Combat ability (minimum 1), it gains +1 Combat permanently.","Spaced across the open ground, pairs of men, most stripped to the waist, flailed at each other with more practice swords.",,
dark_prophecies,21,Conquest,Challenge,,R3,,,Darrell Sweet,,,,,,,,,"When you reveal this challenge, search your deck for a contested advantage not in play, and place it in your hand. If successful, place 2 tokens on each nation contested advantage in play. If you succeed by 5 or more, return all copies of Conquest in your discard pile (not including this one) to your hand.","With you to lead us, my Lord Dragon, we shall conquer the world!",,
dark_prophecies,24,Dark Subversion,Challenge,,R3,,,Jim Holloway,,,,,,,,,"Only a Villain player may initiate this challenge. If successful, search your deck for a Darkfriend character advantage, a character with the Dark Nature trait, and/or a troop with the Dark Nature trait, and place them in your hand.",Friends of the Dark -- Darkfriends they were called now -- had begun learning just how strictly they would be kept to their vows now that Rahvin and the others were freed.,,
dark_prophecies,27,Dragonmount,Advantage,Player,C,,,Jim Pavelec,,,,,,,,,"May only be played if you control the Dragon Reborn. Search your deck for the first advantage card and place it in your hand when you play this card. During the Opening Moves and Coming to Grips steps of a card-based challenge, you may remove an amount of damage from any character or troop damage pool up to the number of different allegiances possessed by characters and troops you control.",...let the Promised One be born of a mountain...,,
dark_prophecies,28,Draw Him Out,Challenge,,C,,,David Cherry,,,,,,,,,"Target a non-starting, non-Ta'veren character you do not control. If this challenge succeeds it becomes a character advantage on the target with the following text: At the start of the resolution round the target is moved to the battleground and becomes a participant in the Pattern or Last Battle Challenge (and is no longer a participant in any other challenges). Discard this card if the target is a participant in the Pattern Challenge during the action round.",He tried to bait me into attacking him once in the same way...,,
dark_prophecies,36,Genocide,Challenge,,R3,,,Steve Snyder,,,,,,,,,"Choose an allegiance. When it is revealed, this challenge gains additional opposition equal to the number of cards in play with the chosen allegiance. If successful, place 1 point of damage on each character and 2 points of damage on each troop with the chosen allegiance. Any character card damaged by Genocide may not rotate to heal next turn.","There was no hesitation; as one they surged forward, howling and rabid, waving pitchforks and swords, axes and clubs, anything that could be taken to hand for a weapon.",,
dark_prophecies,37,Gholam Attack,Event,Limited,U,,,Jim Holloway,,,,,,,,,"This card may only be played by a Villain player. Target a challenge and pay any amount of [intrigue]. For each [intrigue] you pay, target a different character participating in the challenge. The targeted characters may not roll One Power dice in that challenge.",They were made to assassinate Aes Sedai. No other reason. To kill people who could channel.,,
dark_prophecies,39,Gyldin,Advantage,Character,R2,,,David Cherry,,,,,,,,,"Target Moghedien. Moghedien gains +1 Intrigue. As a limited event, Moghedien may pay [intrigue] to generate either [politics] or [combat]. As an event, rotate Moghedien and discard this card to return a challenge card from your discard pile to your hand.","I think you may be one of those who needs a second lesson. Pray it is not so, Liandrin; I make second lessons exceedingly sharp.",,
dark_prophecies,41,Heart of the Stone,Advantage,Player,C,,,Rob Carlos,,,,,,,,,"All High Lords and High Ladies you control additionally generate [support][opposition] when they roll their dice. If you control the Callandor character advantage, all challenges which target you or a card you control gain 5 additional opposition.","The anteroom was a round chamber fifty paces or more across. A hundred gilded lamps hung on golden chains from its high ceiling. Polished redstone columns made an inner ring, and the floor appeared to be one huge slab of black marble...",,
dark_prophecies,42,High Lord Hearne,Character,,U,Tear,,Liz Danforth,2,1,,,,,1,1,The cost of recruiting Mercenary characters and troops is reduced by [combat] (This reduction applies after all other modifiers.),"...while Hearne's narrow face was all smiles, he tugged unconsciously at one earlobe as he did when furious.",,
dark_prophecies,43,High Lord Simaan,Character,,U,Tear,,Liz Danforth,1,1,1,1,,,,,"Put 2 versatility tokens on this card when it is first sponsored. As an event, remove a versatility token to give High Lord Simaan +1 to either Politics or Intrigue (until the end of the turn). As a limited event, rotate to add 2 versatility tokens to this card. This card may not have more than 4 versatility tokens on it at any one time.","...they must perform the Rite of Guarding four times a year, claiming that they guard the whole world against the Dragon by holding Callandor.",,
dark_prophecies,49,Illian Traders,Troop,,U,Illian,,Rob Carlos,,1,,1,,,3,,"As a limited event, rotate to add [politics][politics] to your pool. These symbols have the Illian allegiance.","...was eighty feet long, with two masts, and broad in the beam with room for deck cargo as well as in the holds.",,
dark_prophecies,50,Illian Volunteers,Troop,,U,Illian,,Rob Carlos,,1,,,,,2,,When this troop is killed return it to its owner's hand.,"...straggling files of men in battered breastplates that did not quite fit, or leather jerkins sewn with rusty steel disks, carrying bows or crossbows or spears, and even a few pikes.",,
dark_prophecies,51,Incendiary Strike,Event,,U,,,Rob Carlos,,,,,,3,,,"Play during the Opening Moves or Coming to Grips step of a challenge. Target a character or troop participating in that challenge. Put two points of damage on the target. If the target is Multiple, place it in its owner's killed pile. A card may only be the target of Incendiary Strike once per turn.","He burned them as they ran, whether stalking more victims or fleeing him.",,
dark_prophecies,52,Invasion,Challenge,,R3,,,Matt Cavotta,,,,,,,,,"If successful, choose one of the following: add 4 tokens to a nation contested advantage, draw 3 cards, or take up to 2 cards (of your choice) from your discard pile and place them in your hand.","We will scour the Two Rivers... we will flog them, and flay them, and sear their souls!",,
dark_prophecies,54,Jaret Byar,Character,,U1,Children of the Light,,Rob Carlos,,,,,,,2,1,"While participating in a challenge against a monster, or a character or troop with the Aes Sedai allegiance, Jaret Byar additionally generates [damage] when he rolls his dice.","His face was long and gaunt, with eyes so deeply set that they seemed to look out from caves. There was no excess flesh on him, no fat at all; his skin was pulled tight over the muscle and bone beneath.",,
dark_prophecies,54,Jarette Byar,Character,,U1,Children of the Light,,Rob Carlos,,,,,,,2,1,"While participating in a challenge against a monster, or a character or troop with the Aes Sedai allegiance, Jaret Byar additionally generates [damage] when he rolls his dice.","His face was long and gaunt, with eyes so deeply set that they seemed to look out from caves. There was no excess flesh on him, no fat at all; his skin was pulled tight over the muscle and bone beneath.",02-054_jaret_byar,"First printing. The name was misprinted as 'Jarette Byar' and corrected to 'Jaret Byar' in a later run. Precedence catalogued both under collector number 54, which is why the source data carries two rows."
dark_prophecies,57,Lady Selande,Character,,U,Cairhien,,Rob Carlos,,,2,,,,,,"The only cost to recruit this character is to rotate a character you control with the Cairhien allegiance. If you control the Cairhien nation contested advantage, Lady Selande additionally generates [politics] when she rolls her dice.","Selande stood close by his side, pale face tilted up to watch him, not the garden. Her hair was not so elaborately done as that of a woman of higher rank, but it still added half a foot to her height.",,
dark_prophecies,59,Lead Them to Ruin,Challenge,,C,,,Liz Danforth,,,,,,,,,"Target a player. For each 2 by which this challenge succeeds, the target must return to his hand a player advantage he controls (of his choice) with a printed cost.","She glanced over her shoulder toward the Tower, the thick white shaft dominating the city, whole and straight, yet broken as surely as if it lay in ruins.",,
dark_prophecies,60,Leader of Nations,Advantage,Character,C,,,Jim Holloway,,,,,,,,,Target a Ta'veren you control. Choose an allegiance of a troop you control (if any). The target gains +2 Politics and the chosen allegiance. Discard this card if you control a non-Ta'veren character or troop with only the Dragon allegiance.,...and here Illianer Companions in green coats with yellow cuffs rubbed shoulders with Tairen Defenders of the Stone in fat-sleeved coats striped black-and-gold and an equal number of Cairhienin drawn from forty-odd Houses...,,
dark_prophecies,63,Legion of the Dragon,Troop,,R3,Dragon,,David Cherry,,2,,,,,5,1,"At the beginning of the ready round, you may remove 1 or 2 points of damage from this troop.","...fifteen thousand men who called themselves the Legion of the Dragon would be gathering afoot. Rand had glimpsed them, every one in a blue coat made to button up the side so the red-and-gold Dragon across the chest would not be broken.",,
dark_prophecies,65,Linked,Advantage,Player,U,,,Mark Poole,,,,,,,,,"All Trolloc troops you control which are participating in a challenge with 1 or more Myrddraal you control additionally generate [support][opposition] when they roll their dice. If you put a Myrddraal into your killed pile, you must kill a Monster troop you control (if possible).","Behind the dark rider came nightmare forms with horns and muzzles and beaks, Trollocs in a double file, all in steps, boots and hooves striking the ground at the same instant as if obeying a single mind.",,
dark_prophecies,68,Lord Brend,Advantage,Character,R2,,,Ran Ackels,,,,,,,,,"Target Sammael. Sammael gains +2 Politics, the Illian allegiance, and the Council of Nine trait. As a limited event, discard this card to generate [politics][politics][politics]. These symbols have the Illian allegiance.","Brend did have a great deal of influence with the king, some might say too much.",,
dark_prophecies,71,Lord Dragon,Character,,R2,Dragon,,Matt Cavotta,2,,1,,3,,2,,"Replace Rand al'Thor. This character gains the effect text of the character he replaces. When recruiting characters, ignore the cost modification for the Dark Nature trait. This card does not count as a character card for starting hand selection purposes.","For he shall come like the breaking dawn, and shatter the world again with his coming, and make it anew.",,
dark_prophecies,77,Lord Maringil,Character,,U,Cairhien,,Diana Stein,,,2,1,,,2,2,"As an event, rotate to remove up to 2 damage from a Cairhien troop.","Maringil shifted forward on his chair, whip-slender and tall for a Cairhienin, white hair almost touching his shoulders.",,
dark_prophecies,79,Lull in the Storm,Challenge,,C,,,Steve Snyder,,,,,,,,,"May only be initiated by a Hero player. Draw a card when when this challenge resolves. If any player provides support or opposition to this challenge, he draws no cards during the draw round. If this conflict succeeds, it becomes a player advantage targeting you with the text: As a limited event, discard this advantage to add [politics][intrigue][onePower][onePower][combat] to your pool. These symbols have all allegiances.","We need peace. Time before the Trollocs come, before the Dark One breaks free, time to ready ourselves.",,
dark_prophecies,82,Military State,Advantage,Player,C,,,Steve Snyder,,,,,,,,,"As a limited event, rotate this card and a ready troop you control. Roll the troop's current Combat dice. All ability symbols generated by the troop are added to your pool.","And if they lacked a soldier's true discipline, sheer numbers made up for a great deal.",,
dark_prophecies,85,No Middle Ground,Challenge,,C,,,Steve Snyder,,,,,,,,,"For each point by which you succeed, you may put 1 point of damage on a character or troop with the Mercenary allegiance. If you succeed by 3 or more, gain a pattern.","Lay down your arms, and those who want to return home, can. Those who want to follow me instead, can do that. But no man leaves here under arms unless he does follow me.",,
dark_prophecies,86,On All Sides,Event,Limited,C,,,Steve Snyder,,,,,,,,,"Discard from your hand every copy of every non-Multiple character card which is currently in play. For each card discarded, add the ability symbols listed in the card's printed cost to your pool. These symbols have all allegiances.","That act may send half the armies of the south marching to the Borderlands, but the evidence is that they're willing to take that risk.",,
dark_prophecies,87,Ordeith,Character,,R2,Mercenary,,David Cherry,2,,3,,,,1,,"Replace Padan Fain. Ignore all non-Mercenary allegiances and corruption tokens attached to this character. May participate in challenges with Monsters. When Ordeith rolls [intrigue][intrigue], target a Monster in play (if possible). The target is returned to its owner's hand. As an event, reveal this card from your hand to search your deck for Padan Fain and place him in your hand.",Kill them. They are of no use.,,
dark_prophecies,88,Organize Resistance,Challenge,,C,,,Jim Holloway,,,,,,,,,"If you succeed, you may remove up to 3 tokens of your choice from each contested advantage in play.","As long as it's twenty people here and fifty there, you are game for Trolloc taking. If there are hundreds of you together, you have a chance...",,
dark_prophecies,89,People of the Dragon,Advantage,Player,C,,,Rob Carlos,,,,,,,,,"If your starting character does not have the Aiel allegiance, discard this card. As an event, rotate to target a character with the Aiel allegiance. Symbols generated by the target this turn may be used for recruiting. Non-starting, non-Ta'veren characters you control with the Aiel allegiance are placed in your discard pile (instead of your killed pile) when they are killed.",The Aiel are the People of the Dragon.,,
dark_prophecies,90,Pevin,Character,,U,Dragon,,David Monette,,,,,,,1,,"The only cost to recruit this character is to rotate the Dragon Reborn. As an event, rotate to search your deck for the Dragon Banner if it is not in play, and place it in your hand. As a limited event, rotate and kill Pevin to recruit a character or troop with the Dragon allegiance for no cost.","...as near as Rand could make out, his beliefs had been winnowed down to a bare three. The Dragon had been Reborn. The Last Battle was coming. And if he stayed close to Rand al'Thor he would see his family avenged before the world was destroyed.",,
dark_prophecies,91,Plans Within Plans,Event,,C,,,Clyde Caldwell,,,,,,,,,"When paying the cost of events and/or advantages, you may pay [onePower] generated by a character or troop you control with the Aes Sedai allegiance in place of the required ability symbol. As an event, discard this card from your hand to search your deck for an event with [onePower] in its cost or effect text and place it in your hand.","Smooth Aes Sedai faces, with knowing eyes. They studied him with arched eyebrows and pursed lips.",,
dark_prophecies,92,Political Powerbase,Challenge,,C,,,Liz Danforth,,,,,,,,,"Target a nation contested advantage you control by 5 or more. Only characters and troops of the target's allegiance may participate in this challenge. If successful, gain a pattern.","A ripple of clapping and praise ran through the watchers along the narrow fluted columns, lords and ladies in colorful silks heavy with elaborate embroidery and braid.",,
dark_prophecies,93,Preemptive Strike,Advantage,Troop,C,,,Steve Snyder,,,,,,,,1,"During the Opening Moves step of a challenge in which the target is participating, rotate the target and discard this card to add an amount of [damage] to your troop damage pool equal to the target's current Combat ability.",Myrddraal were trying to turn some of the Trollocs around... but it was useless. Even Trollocs who did turn went down before they covered fifty strides.,,
dark_prophecies,94,Pull of the Ta'veren,Advantage,Player,C,,,Darrell Sweet,,,,,,,,,"The cost of recruiting Ta'veren is reduced by [politics]. (This reduction comes after all other cost modifiers.) As an event, rotate this card to search your deck for the first Ta'veren character with a printed cost, and place it in your hand. As an event, discard this card to search your deck for a Dragon character with no printed cost and place it in your hand, and reduce the pattern requirement of the next Ta'veren character you replace this turn by 2.","It's Rand, Faile. He needs me.",,
dark_prophecies,101,Rule a Nation,Challenge,,C,,,Mark Poole,,,,,,,,,"Choose a non-Dragon, non-Dark One allegiance. Only characters and troops with the chosen allegiance may participate in this challenge. If successful, this challenge becomes a player advantage targeting you with the text: As an event, spend any 2 ability symbols with the chosen allegiance to generate [politics], [intrigue], or [combat] with the same allegiance.","When I took the throne I swore to uphold justice for the high and the low, and I will uphold it even if I am the last in Andor to remember justice.",,
dark_prophecies,106,Seeking Someshta,Challenge,,R2,,,Ran Ackels,,,,,,,,,"Only a Hero player may initiate this challenge, and only once per game. If successful, search your deck for the Dragon Banner, The Seals, and/or the Horn of Valere, and place them in your hand. Each character and troop with the Dark One allegiance which participates in this challenge takes 4 points of damage at the start of the resolution round.","A man-shape of woven vines and leaves, green and growing. His hair was grass, flowing to his shoulders; his eyes, huge hazelnuts; his fingernails acorns. Green leaves made his tunic and trousers; seamless bark his boots.",,
dark_prophecies,107,Selene,Advantage,Character,R2,,,Ran Ackels,,,,,,,,,"Target Lanfear. As an event, rotate this card to give Lanfear an allegiance of your choice until the end of the turn. When Lanfear rolls her dice, rotate this card to have Lanfear additionally generate [politics][onePower]. These additional symbols may only be used for recruiting. As an event, discard this card to have Lanfear cease participating in a challenge. Any results she generated in the challenge still apply.","Estates in Cairhien? I may have had estates in those lands once, Selene is only a name I sometimes use...",,
dark_prophecies,108,Shades of Grey,Event,,U,,,David Cherry,,,,,,,,,Target a non-starting character. Ability symbols generated by the target have no allegiances. Shuffle all copies of Shades of Grey (not including this one) in your discard pile into your deck when you play this card.,"You will pay for what was done to me, al'Thor! The world will pay!",,
dark_prophecies,110,Square of Tammaz,Advantage,Player,C,,,Ron Walotsky,,,,,,,,,"If you do not control at least 3 members of the Council of Nine, discard this card. When resolving a challenge you initiated from a contested advantage, you may place a token on the advantage for each 1 (instead of 2) by which you succeed. As an event, rotate to target a member of the Council of Nine. When the target rolls his dice this turn he additionally generates [politics][intrigue][combat].","A huge, white palace stood at either end of the square... Each reflected the other exactly, at first glance, but then Perrin realized that one was just a fraction smaller in each dimension, its towers perhaps less than a pace shorter.",,
dark_prophecies,111,Strength in Diversity,Event,,C,,,Matt Cavotta,,,,,,,,,All characters and troops you control gain the allegiances of all characters and troops you control.,"The world will know us soon enough, and what we've done. Or tried to do.",,
dark_prophecies,112,Strength of Character,Challenge,,C,,,Nick Jainschigg,,,,,,,,,"Target a character you control with a printed cost. If you succeed, this card becomes a character advantage on the target with the following text: When this character rolls his dice during the generate resource pool step, his results are ignored. He instead generates the ability symbols listed in his printed cost.","Asmodean's teeth bared. Not a grimace, but a weary rictus of a smile; the man thought he was winning. Perhaps he was.",,
dark_prophecies,113,Strong Loyalties,Event,,C,,,Jim Holloway,,,,,,,,,"Place a token on each nation contested advantage you control. For the rest of the turn, you may rotate a nation contested advantage you control to search your deck for any card with the same allegiance as the advantage, and place it in your hand.","I cannot express how happy I am to see you guarded by Tairens, my Lord Dragon.",,
dark_prophecies,115,Take Back the Night,Advantage,Player,C,,,Steve Snyder,,,,,,,,,"May only be played by a Hero player. If 1 or more Monsters were recruited during the action round, all troops you control participating in challenges roll three additional Combat dice when they roll their dice.",The ground rumbled with the thunder of hooves as the forces of humankind launched their last charge.,,
dark_prophecies,116,Tear Defenders,Troop,,U,Tear,,Jim Holloway,,1,,,,,4,1,"While participating in a challenge you did not initiate, this troop rolls an additional 2 Combat dice when it rolls its dice.","There was no need for the Captain of the stone to be personally in charge of Rand's bodyguard, but he frequently was.",,
dark_prophecies,119,The Dance of Spears,Event,,C,,,Darrell Sweet,,,,,,,,,During a challenge you may pay [combat] generated by a character you control with the Aiel allegiance to remove [damage] from any damage pool.,You dance well for one caught by surprise...,,
dark_prophecies,120,The Game of Houses,Event,Limited,C,,,Steve Snyder,,,,,,,,,Add [intrigue] to your pool for each character and troop you control with the Cairhien allegiance. These symbols have the Cairhien allegiance.,"Who can say with Cairhienin, Lord Rand? They seem to think everything has to do with Daes Dae'mar.",,
dark_prophecies,122,The Halls of Power,Advantage,Player,C,,,Randy Asplund,,,,,,,,,"Ability symbols generated by cards you control which do not have the Aes Sedai allegiance may not be used for recruiting. When you recruit a card with the Aes Sedai allegiance, you may search your deck for the first event with [onePower] in its cost, and place it in your hand. When you place a card with the Aes Sedai allegiance into your killed pile, you may take an event with [onePower] in its cost from your discard pile and place it in your hand.",We have made the world dance as we sang for three thousand years.,,
dark_prophecies,123,The Host,Troop,,R2,Dragon,,Ron Walotsky,,,,,,,9,,"There is no cost to recruit this troop. If you do not discard from play 3 non-Mercenary troops you control with different allegiances when you recruit this troop, kill it immediately.","It was an army to make Illian shake in its boots, a host already mighty enough to smash anything in its path.",,
dark_prophecies,124,The Light Illumine,Event,Limited,C,,,David Monette,,,,,,,,,All non-starting characters and troops you control with the Children of the Light allegiance which are placed into your killed pile this turn are instead returned to your hand.,Now go... You have work to do.,,
dark_prophecies,125,The Lines of Loyalty,Advantage,Player,U,,,David Cherry,,,,,,,,,"May only be played by a Hero Player. As a limited event, rotate this card to reveal a character card in your hand, place it on the bottom of your deck, then search your deck for the first character and place it in your hand. As an event, discard this card to search your deck for a character and place it in your hand.",You are all tied together in something dangerous...,,
dark_prophecies,126,The Lion and the Rose,Event,Limited,C,,,Rob Carlos and Ran Ackels,,,,,,,,,"Rotate any number of characters you control with the Andor allegiance. For each character rotated, add [support][support] or [opposition][opposition] to a target challenge.",I want you to take a message to Caemlyn for me... I want you to ask Queen Morgase to send us some of the Queen's Guards.,,
dark_prophecies,127,The Lion Throne,Advantage,Player,C,,,Rob Carlos and Ran Ackels,,,,,,,,,"If you do not control the Andor nation contested advantage, discard this card. When characters you control with the Andor allegiance roll their Politics dice during a challenge, they roll an additional Politics die.",The Lion Throne is no bauble to be accepted from a man.,,
dark_prophecies,129,The Pattern Decrees,Event,,C,,,Eric Anderson,,,,,,,,,"Target a number of characters or troops you control up to the number of tokens on your section of the pattern. When the targets roll their dice while participating in a challenge this turn, they additionally generate [support][support][opposition][opposition].",The Pattern pays no heed to human plans...,,
dark_prophecies,130,The Port of Illian,Event,Limited,C,,,Tina Druce-Hoffman,,,,,,,,,"For each member of the Council of Nine you control, add [politics], [intrigue], or [combat] to your pool. These symbols have all allegiances.","The long docks held many ships, and bustled with the loading and unloading of cargo. There were shipyards at the far end of the city, where great ships stood in every stage from skeletons of thick wooden ribs to nearly ready to slide into the harbor.",,
dark_prophecies,131,The Prophet,Character,,R2,Dragon,,Rob Carlos,3,3,1,,,,3,1,"While participating in a challenge, all Dragonsworn you control participating in the same challenge gain +1 Combat. As an event, rotate to search your deck for a Dragonsworn and place it in your hand. If a Dragonsworn you control could have participated in either the Pattern Challenge or Last Battle but didn't, discard it.","I will lead the people to Tear, to bask in the radiance of the Lord Dragon.",,
dark_prophecies,135,The Stone Still Stands,Event,Limited,C,,,Ran Ackels,,,,,,,,,"Draw a card for each High Lord and High Lady you control. Reveal these cards to all players. If any card drawn is not a character or troop with the Tear allegiance, shuffle it back into your deck.",Rally to the Stone! The Stone Stands!,,
dark_prophecies,136,The Sun Throne,Advantage,Player,C,,,David Monette,,,,,,,,,"If you do not control at least 3 troops with the Cairhien allegiance, discard this card. No other player may target characters and troops you control with event cards, unless the event has a [onePower] in its cost.","The great heavy-armed chair glittered with gold and golden silk, but somehow it seemed to be plain vertical lines, except for the wavy-rayed Rising Sun that would stand above the head of whoever sat on it.",,
dark_prophecies,137,The Void,Advantage,Character,U,,,Mark Poole,,,,,,,,,"Pay any ability symbol from a target character you control to play this card on the target. While participating in a challenge, the target rolls an additional die for each different ability he is rolling in the challenge. As an event, discard this card to remove a point of damage from the target.","Blank your mind. Empty it of hate or fear, of everything.",,
dark_prophecies,138,The Younglings,Troop,,U,Aes Sedai,,Ron Walotsky,,,,,,1,3,1,"If you control Gawyn, this troop has no cost. If this troop is participating in the Tar Valon contested advantage, it additionally generates [support][support][opposition][opposition] when it rolls its dice.","Young, as indeed all the Younglings were, many did not need to shave beyond every third day, and a few still only pretended even that.",,
dark_prophecies,143,Under One Banner,Advantage,Player,C,,,Ed Beard,,,,,,,,,"While participating in the Last Battle, your starting character gains +1 to all non-zero abilities for each different allegiance possessed by your characters and troops.","This land was ours, and it will be ours again...",,
dark_prophecies,144,United Front,Event,,C,,,Tina Druce-Hoffman,,1,,,,,,,Play during the Coming to Grips step of a challenge. Add either [support][support][support] or [opposition][opposition][opposition] to the challenge.,The true Dragon Reborn will not need to gather a following before nations move against him. He will begin with a nation around him and an army at his back.,,
dark_prophecies,145,War of Attrition,Challenge,,C,,,Steve Snyder,,,,,,,,,"Target a player. For each 2 by which this challenge succeeds, the target must move 1 card from the top of his deck to his discard pile.","The thickening tentacles of fog swung uncertainly for a moment, then struck like vipers.",,
dark_prophecies,146,War Party,Troop,,U,Aiel,,Steve Snyder,,,,,,,7,3,"This troop may not rotate to heal. As a limited event, pay [combat][combat] to remove 1 point of damage from this troop.","Half a mile to right and left Taardad appeared, running in time to their song in two wide columns, spears ready, faces veiled, seemingly endless columns rolling toward the mountains.",,
dark_prophecies,149,Whitecloak Spy,Character,,U,Children of the Light,,David Monette,,,2,1,,,,,"This card may only be recruited with ability symbols with the Children of the Light allegiance. If any player has 4 or more pattern, you may rotate and kill Whitecloak Spy to target a character that was recruited this turn. The target is returned to its owner's hand and cannot be recruited this turn or next turn.","The only unsmiling face he saw was on a man huddled by one of the fireplaces, and that fellow had a scar that crossed his whole face from one temple to the opposite jaw, giving his nose a slant and drawing the corner of his mouth down.",,
children_of_the_dragon,2,Aan'allein,Character,,R1,Aes Sedai,"Borderland,Malkier",Ed Beard,1,,3,,,,5,,"There must be 10 or more total Pattern in the game to play this card. Replace Lan Mandragoran. Remove 1 point of damage from this character at the start of the Draw Round. When this character rotates to heal, remove up to 3 damage from him. Shuffle this card from your hand into your deck to search your deck for Lan Mandragoran and place him in your hand.",The last of the Malkieri.,,
children_of_the_dragon,17,Birgitte,Character,,R1,Aes Sedai,"Warder,Bonded to Elayne Trakand,Hero of the Horn,Light Nature",Steve Snyder,,,3,,,,4,3,"If you control Elayne, you may recruit this character as if she had the Dragon allegiance. When recruited, search your hand or deck for a Longbow, and place it on Birgitte for no cost. Symbols generated by this character may not be used to recruit. When Birgitte is placed in a killed pile, she is instead shuffled back into her owner's deck.","Her blue eyes fastened on him purposefully, and her face fixed itself in determination.",,
children_of_the_dragon,33,Couladin Car'a'carn,Character,,R1,Aiel,"Car'a'carn,Dark Nature",Matt Cavotta,3,,3,,,,4,,"You must be a Villain player and there must be 10 or more total Pattern in the game to play this card. Replace Couladin. While this character is participating in a challenge, all Aiel characters and troops you control participating in the same challenge roll an additional Combat die when they roll their Combat dice. Remove up to 3 damage from this character when he rotates to heal. Shuffle this card from your hand into your deck to search your deck for Couladin and place him in your hand.","He raised his Dragon marked arms again. ""These make me holy!""",,
children_of_the_dragon,46,Erim,Character,,R2,Aiel,Clan Chief of the Chareen Aiel,Ran Ackels,2,,,,,,4,4,"You must control Chief's Chair or Ji'e'toh to recruit this character. Once per turn, target a card you control. No opponent may target that card with cards or card effects this turn.","...from Erim, ""Rand al'Thor is He Who Comes With the Dawn.""",,
children_of_the_dragon,63,Indirian,Character,,R2,Aiel,Clan Chief of the Codarra Aiel,Chris Arneson,2,,1,,,,4,4,"You must control Chief's Chair or Ji'e'toh to recruit this character. Once per turn, if Indirian is participating in a challenge, rotate a Multiple Monster participating in the same challenge for no effect.","His cheekbones stood out sharp, and his eyes were emeralds...",,
children_of_the_dragon,83,Mandelain,Character,,R2,Aiel,Clan Chief of the Daryne Aiel,Jim Houston,3,,,,,,4,4,"You must control Chief's Chair or Ji'e'toh to recruit this character. If Mandelain is the only character you control participating in a challenge, he cannot be assigned damage, and any [damage] generated by him is negated.","Mandelain adjusted the patch over his eye, the way he did when he wanted a moment to think.",,
children_of_the_dragon,13,Bael,Character,,R2,Aiel,Clan Chief of the Goshien Aiel,Ron Walotsky,3,,2,,,,4,4,You must control Chief's Chair or Ji'e'toh to recruit this character. This character loses 1 from each printed ability for each non-starting character and troop you control which has an allegiance other than Aiel.,"His dark reddish hair was graying, too; there were no young men among clan chiefs.",,
children_of_the_dragon,142,Timolan,Character,,R2,Aiel,Clan Chief of the Miagoma Aiel,Dennis Calero,2,,2,,,,4,4,"You must control Chief's Chair or Ji'e'toh to recruit this character. While participating in a challenge, if no opponent has characters participating in that challenge, all [damage] rolled by Timolan are converted into troop damage.","When Timolan was young as a chief, he tried to unite the clans and failed.",,
children_of_the_dragon,18,Bruan,Character,,R2,Aiel,Clan Chief of the Nakai Aiel,Larry Elmore,2,,1,,,,4,4,"You must control Chief's Chair or Ji'e'toh to recruit this character. While Bruan is the target of an advantage, he additionally generates [support][opposition][combat][damage] when he rolls his dice.",Bruan's oddly placid manner belied his battle skills.,,
children_of_the_dragon,40,Dhearic,Character,,R2,Aiel,Clan Chief of the Reyn Aiel,Tina Druce-Hoffman,2,,,,,,4,4,You must control Chief's Chair or Ji'e'toh to recruit this character. You may kill Dhearac while he is participating in a challenge to remove 1 point of damage from all Aiel characters you control.,His blue eyes were filled with contempt.,,
children_of_the_dragon,66,Jheran,Character,,R2,Aiel,Clan Chief of the Shaarad Aiel,Ron Walotsky,2,,,,,,4,4,"You must control Chief's Chair or Ji'e'toh to recruit this character. Once per turn, as a limited event, discard a card from your hand and target Jheran to have him generate [combat][combat].","Slender as a blade is slender, his light brown hair heavily streaked with gray he was always calm now...",,
children_of_the_dragon,65,Janwin,Character,,R2,Aiel,Clan Chief of the Shiande Aiel,Michael Phillippi,2,,1,,,,4,4,You must control Chief's Chair or Ji'e'toh to recruit this character. Rotate Janwin to move any number of characters you control with the Aiel allegiance from your homefront to the battleground.,Janwin's creased face could have been carved from old wood...,,
children_of_the_dragon,56,Han,Character,,R2,Aiel,Clan Chief of the Tomanelle Aiel,Tony Moseley,2,,,,,,4,4,"You must control Chief's Chair or Ji'e'toh to recruit this character. Whenever a Clan Chief you control rotates to heal, he generates [combat].","Han ... with a face like creased leather, glared murderously. He was a prickly man at best...",,
children_of_the_dragon,116,Shaido Aiel,Troop,,R2,Aiel,Dark Nature,Matt Cavotta,,,,,,,7,4,"May only be recruited by a Villain player. This troop gains +2 Combat if you control a Car'a'carn. During the Ready Round, remove 1 damage from this troop.",Throw every last spear against them...,,
children_of_the_dragon,125,Taardad Aiel,Troop,,U,Aiel,Light Nature,Steve Snyder,,,,,,,6,3,"If you control Rhuarc, and he is participating in the same challenge as this troop, this troop additionally generates a number of [damage] symbols equal to the [damage] rolled by Rhuarc, when it rolls its dice.","An army on the march, and still growing.",,
children_of_the_dragon,74,Lian,Character,,R2,Aiel,"Light Nature,Roofmistress of Cold Rocks Hold,Taardad Aiel",Matt Cavotta,3,3,,,,,,,"May only be recruited by a Hero player. Cannot participate in challenges. Lian additionally generates [politics] when she rolls her dice. If there are 10 or more total Pattern in the game, you may recruit Rhuarc as if your Pattern were 5 higher. Lian may pay [politics][politics] to generate [intrigue] or [combat].","For the Chief of Chiefs, there is ever water and shade at Cold Rocks.",,
children_of_the_dragon,45,Enaila,Character,,U,Aiel,"Maiden of the Spear,Chareen Aiel",Stephanie Law,,,,,,,3,2,"You must control Maidens of the Spear or Ji'e'toh to recruit this character. Symbols generated by this character may not be used to recruit. If you control 6 or more Maiden of the Spear characters, all Maiden of the Spear characters you control roll an additional Combat die when they roll their dice while participating in a challenge with Enaila.",Who would have expected a woman to go up like oil thrown on a fire...,,
children_of_the_dragon,73,Liah,Character,,U,Aiel,"Maiden of the Spear,Chareen Aiel",Tony Moseley,,,1,1,,,3,1,"You must control Maidens of the Spear or Ji'e'toh to recruit this character. Symbols generated by this character may not be used to recruit. While participating in a non-Last Battle challenge, rotate and kill Liah to generate a number of [support][opposition] in the challenge equal to the number of Maiden of the Spear characters you control (not including Liah) participating in the same challenge.","Liah, he whispered. And balefire lept from his hand.",,
children_of_the_dragon,68,Jolien,Character,,U,Aiel,"Maiden of the Spear,Nakai Aiel",April Lee,,,,1,,,3,2,"You must control Maidens of the Spear or Ji'e'toh to recruit this character. Symbols generated by this character may not be used to recruit. When you recruit Jolien, you may search your deck for an Aiel troop and place it in your hand.",...a blue-eyed woman with red-gold hair nearly the color of Elayne's.,,
children_of_the_dragon,38,Desora,Character,,U,Aiel,"Maiden of the Spear,Reyn Aiel",Denise Harris,,,,,,,3,2,"Symbols generated by this character may not be used to recruit. Shuffle this card from your hand into your deck to search your deck for a Maiden of the Spear, and place her in your hand. When this character is placed in a killed pile, she is instead placed in her owner's discard pile.","The Maidens, in a wide circle around them, made no sound in their soft boots...",,
children_of_the_dragon,95,Nandera,Character,,R2,Aiel,"Maiden of the Spear,Taardad Aiel",April Lee,1,1,1,,,,3,2,You must control Maidens of the Spear or Ji'e'toh to recruit this character. All Far Dareis Mai troops you control permanently gain the trait Multiple and roll an additional Combat die when they roll their dice while participating in a challenge with Nandera.,"When we wed the spear, we pledge to be bound to no man or child.",,
children_of_the_dragon,81,Maira,Character,,U,Aiel,"Maiden of the Spear,Tomanelle Aiel",Denise Harris,,,,,,,3,2,You must control Maidens of the Spear or Ji'e'toh to recruit this character. Symbols generated by this character may not be used to recruit. Rotate 2 Maiden of the Spear characters you control participating in the same challenge to target a non-starting character or troop participating in that challenge. The target is rotated for no effect.,Aiel woman who did not want hearth and children had their own warrior society...,,
children_of_the_dragon,3,Aiel Invaders,Troop,,C,Aiel,Multiple,Jim Holloway,,,,,,,4,2,"This troop may participate in any nation contested advantage as if it had the appropriate allegiance, but all [support] generated by this troop are negated while doing so.","Each carried three or four short, long-bladed spears and a round bull-hide buckler.",,
children_of_the_dragon,113,Sept Warrior,Character,,C,Aiel,Multiple,Chris Arneson,,,,,,,3,2,"Ability symbols rolled by this character are ignored. As a limited event, rotate to add [combat] to your pool. This symbol has the Aiel allegiance, and may only be used to recruit.",Each clan is made up of many septs ... with no set number for the septs that comprise a clan.,,
children_of_the_dragon,90,Mera'din,Troop,,C,Aiel,"Multiple,Dark Nature",Matt Cavotta,,,,1,,,4,1,"May only be recruited by a Villain player. While participating in a challenge against an Aiel character or troop controlled by a Hero player, this troop additionally generates [damage][damage] when it rolls its dice.","These men called themselves Mera'din: the Brotherless, a fitting name.",,
children_of_the_dragon,119,Siswai'aman,Troop,,C,Aiel,"Multiple,Light Nature",Steve Snyder,,,,,,,4,2,May only be recruited by a Hero player. This troop has no cost and gains +1 Combat if you control a Car'a'carn.,"Siswai'aman. Literally, the spear of the Dragon.",,
children_of_the_dragon,148,Urien,Character,,U,Aiel,"Red Shield,Reyn Aiel",Tina Druce-Hoffman,,,,,,,3,2,Urien gains +1 Combat if you control a Car'a'carn.,"My name is Urien, of the Two Spires sept of the Reyn Aiel. I am a Red Shield. Remember me.",,
children_of_the_dragon,84,Mangin,Character,,U,Aiel,"Stone Dog,Taardad Aiel",April Lee,,,,,,,3,1,Ability symbols generated by this character may not be used to recruit. Mangin gains +1 Combat while participating in a challenge with a Car'a'carn and/or Clan Chief. Mangin additionally generates [damage] when he rolls his dice while participating in a challenge against a character or troop with the Cairhien allegiance.,...had a sense of humor much like Mat's...,,
children_of_the_dragon,11,Aviendha Apprenticed,Character,,R2,Aiel,Wise One,Steve Snyder,1,,1,,1,,3,,"Replace Aviendha; she permanently loses the Maiden of the Spear trait. When you play this card, search your deck for a Light Nature Wise One, and place her in your hand. The first time this character rolls [onePower], she permanently gains +1 One Power. Shuffle this card from your hand into your deck to search your deck for Aviendha, and place her in your hand.","I have much to learn yet, of being a Wise One...",,
children_of_the_dragon,122,Sorilea,Character,,R2,Aiel,"Wise One,Chareen Aiel,Light Nature",April Lee,3,2,3,2,1,,,,"May only be recruited by a Hero player. You must control Sweat Tents or Ji'e'toh to recruit this character. Once per turn, you may rotate an Aes Sedai character with a printed One Power ability of 1 or 2 for no effect.",The Wise One of Shende Hold had thin white hair and a face like leather drawn tight over her skull.,,
children_of_the_dragon,89,Melaine,Character,,R2,Aiel,"Wise One,Light Nature,Dreamwalker,Goshien Aiel",Rob Carlos,1,2,1,2,2,,,,Melaine additionally generates [politics][intrigue] when she rolls her dice.,The Three-fold Land is no place for coddling.,,
children_of_the_dragon,112,Seana,Character,,R2,Aiel,"Wise One,Light Nature,Dreamwalker,Nakai Aiel",Rob Carlos,2,3,2,,,,,,"Only symbols generated by a Wise One may be used to recruit this character. Rotate Seana and name a card. The first time a copy of that card is played this turn by an opponent, move a neutral Pattern token to your section of the Pattern (if possible).","There is no one set path to the future. The Pattern makes the finest lace look coarse woven sacking, or tangled string.",,
children_of_the_dragon,25,Chaelin,Character,,U,Aiel,"Wise One,Miagoma Aiel,Light Nature",Randy Asplund,2,2,1,1,2,,,,You must control Sweat Tents or Ji'e'toh to recruit this character. Chaelin gains +1 Politics and Intrigue for every other 3 Wise One characters you control.,...stood among a delegation of Wise Ones...,,
children_of_the_dragon,30,Colinda,Character,,U,Aiel,"Wise One,Shaarad Aiel,Light Nature",Heather Bruton,3,2,2,1,1,,,,You must control Sweat Tents or Ji'e'toh to recruit this character.,"...Colinda, a lean woman with penetrating gray eyes who looked short of her middle years yet had almost as strong a presence as Sorilea.",,
children_of_the_dragon,93,Modarra,Character,,U,Aiel,"Wise One,Shaido Aiel",Heather Bruton,3,3,2,,1,,,,"May only be recruited by a Villain player. You must control Sweat Tents or Ji'e'toh to recruit this character. When recruiting an Aiel troop, you may pay [politics] with the Aiel allegiance from your pool instead of [combat] for any of the troop's cost.","Only Modarra showed concern, but then, she would have tried to settle a dispute between treekillers.",,
children_of_the_dragon,140,Therava,Character,,U,Aiel,"Wise One,Shaido Aiel",Tony Moseley,2,,2,,2,2,,,"May only be played by a Villain player. You must control Sweat Tents or Ji'e'toh to recruit this character. When you initiate and win a card-based challenge, you may search your deck for the first Shaido Wise One and place her in your hand.","Therava was not the tallest of the women by at least a head, yet she loomed taller than most men, staring down with a hawk's eyes...",,
children_of_the_dragon,143,Tion,Character,,U,Aiel,"Wise One,Shaido Aiel",Tony Moseley,2,1,1,2,1,,,,May only be recruited by a Villain player. You must control Sweat Tents or Ji'e'toh to recruit this character. All Shaido Wise One characters you control gain +1 Intrigue while participating in challenges.,"Her round face often appeared placid, but thinking her so was a mistake.",,
children_of_the_dragon,4,Alarys,Character,,U,Aiel,"Wise One,Shaido Aiel,Dark Nature",Ran Ackels,1,,1,,1,1,,,May only be recruited by a Villain player. You must control Sweat Tents or Ji'e'toh to recruit this character. Shuffle this card from your hand into your deck to search for any Shaido Wise One and place her in your hand.,"...they were quickly joined by Alarys, even now toying with her black hair to draw attention to it.",,
children_of_the_dragon,16,Belinde,Character,,U,Aiel,"Wise One,Shaido Aiel,Dark Nature",Rob Carlos,1,1,2,1,1,,,,You must control Sweat Tents or Ji'e'toh to recruit this character.,No Wise One would allow any but another Wise One to see her out of countenance.,,
children_of_the_dragon,88,Meira,Character,,U,Aiel,"Wise One,Shaido Aiel,Dark Nature",Randy Asplund,2,1,2,1,1,,,,May only be recruited by a Villain player. You must control Sweat Tents or Ji'e'toh to recruit this character. Your hand size is increased by +2 while Meira is the target of a character advantage.,Meira could find the dark side of the noonday sun.,,
children_of_the_dragon,109,Rhiale,Character,,U,Aiel,"Wise One,Shaido Aiel,Dark Nature",Randy Asplund,2,2,2,1,1,,,,"May only be recruited by a Villain player. You must control Sweat Tents or Ji'e'toh to recruit this character. At the start of the Last Battle, you may search your deck for a Mera'din and place it directly into play under your control for no cost.","At least her contrariness extended to the others, too.",,
children_of_the_dragon,121,Someryn,Character,,R2,Aiel,"Wise One,Shaido Aiel,Dark Nature",Stephanie Law,1,1,2,2,2,1,,,"May only be recruited by a Villain player. You must control Sweat Tents or Ji'e'toh to recruit this character. When this character rolls her dice, she additionally generates [onePower]. This symbol may not be used to recruit.",Someryn prided herself that she had never encountered a woman near as strong as she.,,
children_of_the_dragon,114,Sevanna,Character,,R2,Aiel,"Wise One,Shaido Aiel,Roofmistress of Comarda Hold,Dark Nature",NéNé Thomas,3,2,3,2,,,,,"May only be recruited by a Villain player. During a non-Last Battle challenge, Sevanna may convert any [politics] she generated into [damage]. All Shaido Aiel troops you control permanently gain the trait Multiple. Wise One characters you control gain +1 Politics while participating in challenges with Sevanna.",...she tried to dominate the ledge by force of will.,,
children_of_the_dragon,44,Edarra,Character,,U,Aiel,"Wise One,Shiande Aiel,Light Nature",Heather Bruton,2,3,2,,2,1,,,"You must control Sweat Tents or Ji'e'toh to recruit this character. When you recruit this character, search your deck for an advantage of your choice and place it in your hand.","A Wise One can go anywhere safely, into any hold...",,
children_of_the_dragon,26,Chareen Aiel,Troop,,U,Aiel,,Ran Ackels,,,,,,,6,3,"The cost to recruit this troop is increased by [combat][combat][combat] if you do not control Erim. Once per turn, while participating in a challenge, target a non-contested advantage. If the target was rotated this turn, it does not ready next turn.","...turned to face them across a few hundred paces, still veiled, still singing.",,
children_of_the_dragon,29,Codarra Aiel,Troop,,U,Aiel,,Chris Arneson,,,,,,,6,3,"The cost to recruit this troop is increased by [combat][combat][combat] if you do not control Indirian. If an opponent converted 1 or more Pattern this turn to reduce cost of a character or troop, this troop gains +1 Combat (permanently).","The spears encircled the wagons, pressed in on them, showered arrows toward them...",,
children_of_the_dragon,36,Daryne Aiel,Troop,,U,Aiel,,Dennis Calero,,,,,,,6,3,"The cost to recruit this troop is increased by [combat][combat][combat] if you do not control Mandelain. If this is the only troop you control participating in a challenge, it cannot be assigned damage, and any [damage] generated by it is negated.","...Aiel fanned out ahead into the patch of hills, running easily...",,
children_of_the_dragon,53,Goshien Aiel,Troop,,U,Aiel,,Steve Snyder,,,,,,,6,3,"The cost to recruit this troop is increased by [combat][combat][combat] if you do not control Bael. Whenever an opponent shuffles his deck, remove up to 4 damage from this troop.",Only in battle songs and laments for the dead did an Aielman sing once he had taken up the spear.,,
children_of_the_dragon,91,Miagoma Aiel,Troop,,U,Aiel,,Dennis Calero,,,,,,,6,3,"The cost to recruit this troop is increased by [combat][combat][combat] if you do not control Timolan. While participating in a challenge, if no opponent has troops participating in the challenge, all [damage] rolled by this troop are converted into character damage.","There were Aiel all around, hundreds it seemed, a great noose closing in.",,
children_of_the_dragon,94,Nakai Aiel,Troop,,U,Aiel,,Tina Druce-Hoffman,,,,,,,6,3,The cost to recruit this troop is increased by [combat][combat][combat] if you do not control Bruan. This troop gains +1 Combat for each Advantage which targets it.,"...another band was approaching at a run, trailing dust for their pace...",,
children_of_the_dragon,108,Reyn Aiel,Troop,,U,Aiel,,Larry Elmore,,,,,,,6,3,"The cost to recruit this troop is increased by [combat][combat][combat] if you do not control Dhearic. While participating in a challenge, if any opponent has more troops participating in the same challenge than you do, this troop additionally generates [support][support][opposition][opposition] when it rolls its dice.","In moments there were black-veiled Aiel everywhere, and chaos.",,
children_of_the_dragon,115,Shaarad Aiel,Troop,,U,Aiel,,Ron Walotsky,,,,,,,6,3,The cost to recruit this troop is increased by [combat][combat][combat] if you do not control Jheran. This troop gains +2 Combat while any opponent has more tokens on his section of the Pattern than you.,...sent a screen of algai'd'siswai toward the crests of the surrounding hills while everyone else remained concealed below.,,
children_of_the_dragon,117,Shiande Aiel,Troop,,U,Aiel,,Michael Phillippi,,,,,,,6,3,"The cost to recruit this troop is increased by [combat][combat][combat] if you do not control Janwin. While participating in a target challenge, if any opponent provides support or opposition to the challenge during the Action Round, this troop additionally generates [support][opposition][damage] when it rolls its dice.","Up the slope they followed him, men and Maidens, nearly a thousand strong...",,
children_of_the_dragon,145,Tomanelle Aiel,Troop,,U,Aiel,,Tony Moseley,,,,,,,6,3,"The cost to recruit this troop is increased by [combat][combat][combat] if you do not control Han. If this troop participated in a challenge this turn, and an opponent placed 2 or more troops in his killed pile, this troop gains +1 Combat (permanently).",It is time for the pipers to play the dance.,,
children_of_the_dragon,86,Martyn Tallanvor,Character,,U,Andor,Light Nature,Michael Phillippi,,,2,1,,,3,1,"If you control Morgase Trakand, there is no cost to recruit this character. You may recruit Morgase Trakand as if your Pattern were 2 higher. Shuffle this card from your hand into your deck to search your deck for Morgase Trakand and place her in your hand.",I am a man who has given his life in service to his queen.,,
children_of_the_dragon,7,Andoran Reserves,Troop,,C,Andor,,Jim Holloway,,,,,,,4,2,"If an Andor troop you control was killed last turn, you may recruit this troop for no cost. Rotate an Andor Lord or Andor Lady you control to allow this troop to roll an additional Combat die when it rolls its dice this turn.","Then came the banners of Caemlyn, white lions on red, borne by mounted men, followed by soldiers of Caemlyn...",,
children_of_the_dragon,21,Cairhien Vanguard,Troop,,C,Cairhien,Multiple,Jim Holloway,,,,,,,3,1,"May not participate in card-based challenges initiated by an opponent. While participating in a non-Pattern challenge, this troop additionally generates [support][opposition][damage][combat] when it rolls its dice.","Though lords commanded and led soldiers in Cairhien, they did not shave their heads and become soldiers. Or had not.",,
children_of_the_dragon,70,Lady Caraline,Character,,U,Cairhien,,NéNé Thomas,2,1,2,2,,,,,"Lady Caraline gains +1 to all printed abilities if no player controls the Cairhien nation contested advantage. If you control High Lord Darlin Sisnera, there is no cost to recruit this character. You may shuffle this card from your hand into your deck to search your deck for High Lord Darlin Sisnera, and place him in your hand.",...I am not sure I can accept you in Cairhien...,,
children_of_the_dragon,10,Ashandarei,Advantage,Character,R2,,Weapon,Larry Elmore,,,,,,,,,"Target Mat. He gains +1 Politics and Combat. If you did not reroll any of Mat's dice, he additionally generates a [damage] for each [damage] he rolled. At the end of a turn, if you did not reroll any of Mat's dice, remove a damage token from him. Shuffle this card from your hand into your deck to search your deck for Mat Cauthon and place him in your hand.",This is our treaty written; thus is agreement made. Thought is the arrow of time; memory never fades. What was asked was given. The price is paid.,,
children_of_the_dragon,55,Half-moon Axe,Advantage,Character,R2,,Weapon,Larry Elmore,,,,,,,,,"Target Perrin. He gains +1 Combat and an additional +1 Combat while participating in challenges. As a limited event, rotate this card to remove a damage token from Perrin. While participating in a challenge against 1 or more Monster troops, you may place up to 2 damage on a Monster troop participating in that challenge when Perrin rolls his dice. Shuffle this card from your hand into your deck to search your deck for Perrin Aybara, and place him in your hand.",A broad half-moon blade on one side of the head and a curved spike on the other...,,
children_of_the_dragon,1,A Crown of Swords,Advantage,Character,U,,,Randy Asplund,,,,,,,,,Reveal an Illian character and troop from your hand to play this card. Target the Dragon Reborn. He gains +1 Politics and the Illian allegiance. Immediately discard this card if you control a non-starting character or troop which has an allegiance other than Illian. All Council of Nine characters you control roll an additional die for each ability when they roll that ability.,"...a heavy gold circlet, two inches wide, of laurel leaves, almost buried among the laurel leaves of the crown were the sharp points of swords.",,
children_of_the_dragon,12,Ba'alzamon,Advantage,Character,R2,,,Steve Snyder,,,,,,,,,"Target Ishamael if he is your starting character: he gains +1 One Power. Symbols generated by Ishamael have all allegiances when used to recruit Dark Nature characters and troops. As a limited event, discard this card from play to rotate up to 4 troops for no effect.","Slowly the shadow descended, resolving into Ba'alzamon, clothed in dead black ... yet even that was not so dark as the shadow that clung to him.",,
children_of_the_dragon,19,Caddar,Advantage,Character,R2,,,Steve Snyder,,,,,,,,,Target Sammael if he is your starting character: he gains +1 Intrigue. Ability symbols generated by Sammael may be used to recruit Aiel characters and troops as if he had the Aiel allegiance. Sammael additionally generates [onePower] when he rolls his dice. This symbol may only be used to recruit a Shaido Wise One.,"It was Caddar, in a nearly black coat, with lace at his neck and wrists.",,
children_of_the_dragon,35,Dark Disguises,Advantage,Character,R2,,,Steve Snyder,,,,,,,,,"Target your starting Forsaken. When you play this card, search your deck for 2 character advantages, reveal them to all players, and place them in your hand. One of the two character advantages must have the word 'gains' and the name of your starting Forsaken in its effect text. The turn you play this card, draw 1 less card during the Draw Round.","My pride is strong enough to support a little fat, when it must.",,
children_of_the_dragon,52,Gai'shain,Advantage,Character,C,,,Rob Carlos,,1,,,,,,,"Target a character you control with only the Aiel allegiance. As a limited event, rotate this card to remove a point of damage from an Aiel card you control. While in play, you may shuffle this card back into your deck, or discard it to reduce the cost of the next Aiel character or troop you recruit by an ability symbol of your choice. (This reduction comes after all multipliers.)",...men and women alike graceful in cowled white robe...,,
children_of_the_dragon,69,Lady Basene,Advantage,Character,R2,,,Steve Snyder,,,,,,,,,Target Graendal if she is your starting character: she gains +1 Intrigue. Any troop you recruit gains the Dark One allegiance. Graendal is considered to have all allegiances for the purpose of challenge participation.,"Her skin became coppery but dull, her hair and eyes dark but flat; she appeared gaunt and frail, a once-beautiful Domani woman slowly losing a battle against illness.",,
children_of_the_dragon,82,Mandarb,Advantage,Character,C,,,Steve Snyder,,,,,,,,,"Target Faile or Lan Mandragoran. If this targets Lan Mandragoran, he gains +1 Combat and Reinforcement. If this targets Faile, she gains +1 Intrigue and when played you may immediately search your deck for a Concealed Dagger and play it on Faile for no cost. Shuffle this card from your hand into your deck to search your deck for Lan Mandragoran, place him in your hand, and you may recruit him this turn as if he had the Dragon allegiance.",You see that black stallion? His name is Mandarb.,,
children_of_the_dragon,129,The Bleakness,Advantage,Character,C,,,Ran Ackels,,,,,,,,,"Target your starting Forsaken. Ability symbols generated by the target may be used to recruit characters and troops as if they had the Aiel allegiance. If you control no characters and troops other than your starting character, the cost of the next Aiel character you recruit is reduced by 2 ability symbols of your choice. (This reduction comes after all multipliers.)","I do not think they know where they are running to, only what they are running from.",,
children_of_the_dragon,130,The Chosen,Advantage,Character,U,,,Steve Snyder,,,,2,,,,,Target a Forsaken you control. He gains +1 One Power. He gains an additional +1 One Power for each 6 tokens on your section of the Pattern.,Now we have awakened in a world where we should stand so far above ordinary mortals as to be another species...,,
children_of_the_dragon,131,The Dragon Scepter,Advantage,Character,R2,,,Larry Elmore,,,,,,,,,"Target the Dragon Reborn. Rotate this card and choose an allegiance. Symbols generated this turn by the Dragon Reborn have the chosen allegiance. Immediately after the Dragon Reborn rolls his dice during the Action Round, rotate and discard this card to negate all ability symbols he rolled and reduce the cost of the next character or troop you recruit this turn by 3 ability symbols of your choice. Ta'veren may use their Politics in the Last Battle.","A good idea to keep it for remembrance, if not as a scepter.",,
children_of_the_dragon,149,Voices of the Dead,Advantage,Character,U,,,Michael Phillippi,,,,,,,,,"Target your Dragon Reborn. Rotate this card and roll 3 One Power dice. The Dragon Reborn generates a [onePower] for each [onePower] you rolled and he may not rotate next turn, other than to heal.","We could work together, Lews Therin.",,
children_of_the_dragon,9,Army of the Light,Troop,,R2,Children of the Light,"Multiple,Reinforcement",Jim Holloway,,,,2,,,6,1,"If you do not shuffle an undamaged Children of the Light troop you control back to its owner's deck when you recruit this troop, kill it immediately.",How soon will your legions ride?,,
children_of_the_dragon,99,Omerna,Character,,U,Children of the Light,,Ran Ackels,1,1,,,,,3,2,"Rotate Omerna, name a card, and target an opponent. The target must reveal a random card from his hand to you. If the card revealed matches the card named, it is placed in its owner's discard pile. If the card does not match, it is returned to its owner's hand, and Omerna does not ready next turn.","His dark eyes seemed more than capable of surveying the harshest battlefield undismayed, as indeed they had.",,
children_of_the_dragon,111,Sammael (II),Character,,R1,Dark One,Forsaken,Steve Snyder,1,,1,,4,4,3,,Only ability symbols generated by a Forsaken may be used to recruit this character. Symbols generated by this character may not be used to recruit. Discard 4 cards from your hand to move a neutral Pattern token to your section of the Pattern. Discard this card from your hand to reduce the cost of the next Forsaken you recruit this turn by an ability symbol of your choice.,"Sammael was compact, solid and larger seeming than he truly was...",,
children_of_the_dragon,50,Forces of Evil,Troop,,U,Dark One,Monster,Chris Arneson,,,,,,,9,,"There is no cost to recruit this troop. If you do not shuffle 3 undamaged Monster troops you control back into their owner's deck when you recruit this troop, kill it immediately.","Fades in hundreds rode across the front of the horde, the fierce, muzzled faces of Trollocs turning away in fear as they passed, huge bodies pulling back to make way.",,
children_of_the_dragon,146,Trolloc Army,Troop,,R2,Dark One,Monster,Chris Arneson,,,,,,,7,4,The cost to recruit this troop is reduced by [combat] if you control 3 or more Monster characters and/or troops.,"Fades moved among them all, nightblack cloaks hanging still...",,
children_of_the_dragon,98,Nightrunner,Character,,R2,Dark One,"Monster,Multiple,Myrddraal,Reinforcement",Steve Snyder,,,,2,,,4,2,"Symbols generated by this character may not be used to recruit characters. If this character has less than 4 damage, you may pay [combat][combat] from your pool to return Nightrunner from play to its owner's hand.","The Myrddraal's blade flickered like a serpent's tongue, darted like black lighting.",,
children_of_the_dragon,31,Collaborators,Troop,,C,Dark One,"Multiple,Dark Nature",Jim Holloway,,,,,,1,3,,"Once per turn, you may target a troop you control. The target may participate in challenges with Monster cards this turn. Shuffle this card from play back into its owner's deck to allow all characters and troops you control to participate in challenges with Monster cards this turn.","Some of the men wore bits of armor - a battered helmet, or a dented breastplate, or a jerkin sewn all over with metal scales - but most wore only coats.",,
children_of_the_dragon,147,Trolloc Champion,Character,,R2,Dark One,"Multiple,Monster",Chris Arneson,,,,1,,,2,1,The number of tokens on your section of the Pattern is considered to be 2 higher for the purposes of recruiting Dark One characters and participating in challenges.,Suddenly one pointed to Rand and raised a howl the rest answered as they charged.,,
children_of_the_dragon,14,Balthamel,Character,,R2,Dark One,"Starting Villain,Forsaken",Steve Snyder,,,2,,4,,1,,"Cannot be the target of a Weapon advantage. If he is at your homefront, Balthamel generates [onePower] for each Pattern you convert to reduce the cost of a character or troop. Balthamel additionally generates [damage][damage] when he rolls his dice. During a challenge, damage generated by Balthamel must be assigned to a Dragon or Aes Sedai card, if possible.","Balthamel tossed Nynaeve aside like a rag, and like a crumpled rag she fell, eyes staring, limp as if all her bones had melted.",,
children_of_the_dragon,48,Fifth Squadron,Troop,,R2,Dragon,Band of the Red Hand,Rob Carlos,,1,,,,,3,1,This troop gains +1 Combat for every 3 Band of the Red Hand troops you control. Shuffle this card from your hand into your deck to search your deck for a non-Fifth Squadron Band of the Red Hand troop and place it in your hand.,"Daerid had formed the hedgehog, spiny thickets of pikes four deep interspersed with bowmen to make a large hollow square.",,
children_of_the_dragon,120,Sixth Squadron,Troop,,R2,Dragon,Band of the Red Hand,Rob Carlos,,1,,,,,3,1,"This troop gains +1 Combat for every 3 Band of the Red Hand troops you control. As a limited event, shuffle a Band of the Red Hand troop from your hand into your deck to remove up to 2 damage from a Band of the Red Hand troop you control.","The Band's red fringed banner led the way, a red hand on white, the Band's motto crimson-embroidered below.",,
children_of_the_dragon,51,Fourth Squadron,Troop,,R2,Dragon,"Multiple,Band of the Red Hand",Rob Carlos,,1,,,,,1,,This troop gains +1 Combat for every 6 Band of the Red Hand troops you control. This troop rolls 2 additional Combat dice when it rolls its Combat dice. Discard this troop if you control a troop which does not have the Dragon or Mercenary allegiance.,"...the Cairhienin formed into one long line to either side of him, facing upslope.",,
children_of_the_dragon,126,Tam al'Thor,Character,,R1,Dragon,"Reinforcement,Two Rivers",Chris Arneson,,,,,,,4,,"This character has no cost and is recruited into the battleground. Tam al'Thor's abilities cannot be increased, and he may only reinforce a challenge in which a Ta'veren you control is participating. At the start of the Draw Round (before the Discard the Dead phase) if Tam al'Thor has less than 4 damage, shuffle this card back into its owner's deck. Discard this card from your hand to give the Dragon Reborn +1 to all printed abilities until the end of the turn.",...there was a solidness to him...,,
children_of_the_dragon,104,Rand al'Thor (IX),Character,,R2,Dragon,"Starting Hero,Dragon Reborn,Ta'veren",Steve Snyder,,,,,3,,4,,"Once per game, you may search your deck for a Heron-Marked Blade, and place it on the Dragon Reborn for no cost. This character may not be replaced.","... he could forget himself in the dancelike flow from form to form, the practice sword alive in his hands...",,
children_of_the_dragon,105,Rand al'Thor (X),Character,,R2,Dragon,"Starting Hero,Dragon Reborn,Ta'veren",Mark Poole,1,,1,,2,,1,,"The first time the Dragon Reborn rolls [onePower][onePower], he permanently gains +1 One Power. You may begin the game with an extra card in your starting hand (you must still conform to all other starting hand restrictions). This character may not be replaced unless there are 10 or more total Pattern in the game.","By my honor and the Light, my life will be a dagger for Sightblinder's heart.",,
children_of_the_dragon,103,Rand al'Thor (VIII),Character,,R2,"Dragon,Aiel","Starting Hero,Dragon Reborn,Ta'veren",Chris Arneson,2,,,,2,,1,,"The first time the Dragon Reborn rolls [onePower][onePower], he permanently gains +1 One Power. When the Dragon Reborn rolls his dice he additionally generates [combat]. This symbol has only the Aiel allegiance and may only be used to recruit. If you control at least 5 Clan Chief characters, this character permanently gains the trait Car'a'carn.",My father was Janduin ... clan chief of the Taardad.,,
children_of_the_dragon,87,Mat the General,Character,,R1,Dragon,"Ta'veren,Reinforcement",Steve Snyder,1,,4,,,,4,,"There must be 10 or more total Pattern in the game to play this card. Replace a card that replaced Mat Cauthon. You may reroll any of Mat's dice each turn (after making his initial roll; the old results are ignored.) All Band of the Red Hand troops you control participating in the same challenge with Mat gain +1 Combat. Symbols generated by this character have all allegiances when used to recruit troops. Shuffle this card from your hand into your deck to search your deck for Mat Cauthon, Ashandarei, or Foxhead Medallion and place that card in your hand.",Dovie'andi se tovya sagain.,,
children_of_the_dragon,102,Perrin Goldeneyes,Character,,R1,Dragon,"Wolfbrother,Ta'veren,Reinforcement,Two Rivers",Steve Snyder,3,,2,,,,4,,"There must be 10 or more total Pattern in the game to play this card. Replace a card that replaced Perrin Aybara. All Mercenary cards you control gain +1 to all non-zero abilities. While participating in a challenge, this character generates a troop damage for each [damage] he rolled. Symbols generated by this character have all allegiances when used to recruit Light Nature characters. Shuffle this card from your hand into your deck to search your deck for Perrin Aybara, Half-moon Axe, or Blacksmith's Hammer and place that card in your hand.",...you'll find a commoner who showed uncommon courage...,,
children_of_the_dragon,8,Aram,Character,,U,Dragon,,Ran Ackels,,1,,,,,2,1,"When this character rolls his Combat dice while participating in a challenge, he rolls an additional Combat die for each Ta'veren you control participating in that challenge. As a limited event, rotate this card and target Perrin if he is at your homefront. Perrin is readied, moved to the battleground, and gains reinforcement until the end of the turn.","...a slender, handsome young man in a red and green striped coat put his head in. He flashed a smile, all white teeth oozing charm.",,
children_of_the_dragon,59,Herid Fel,Character,,R2,Dragon,,Jim Houston,,2,1,,,,,,"May not be the target of advantages. Once per game, rotate this card to search your deck for a contested advantage which is not a nation contested advantage and place it in your hand. Rotate to place a control token on a contested advantage you control which is not a nation contested advantage. While participating in the Last Battle, this character additionally generates [support][support][support] when he rolls his dice.","Herid Fel himself was a stout man, who looked as if he had forgotten to brush his thin gray hair.",,
children_of_the_dragon,78,Lord of the Morning,Character,,R1,Dragon,,Larry Elmore,3,,,,4,,2,,"Replace Rand al'Thor. Gain a Pattern when you fulfill the Requirements of a non-Repeatable Prophecy you control. When any player recruits a Forsaken, place an Enemy token on this card. This character rolls an additional One Power die when he rolls his One Power for each Enemy token on this card. This card does not count as a character card for starting hand selection purposes.",Let the arm of the Lord of Dawn shelter us from the Dark...,,
children_of_the_dragon,77,Lord Marac den Norvin,Character,,U,Illian,Council of Nine,Steve Snyder,3,2,1,1,,,1,,"May not be recruited if Lord Brend is in play. If Lord Brend is played, discard this character. Once per turn, a Council of Nine character you control may rotate as a limited event to remove up to 3 damage tokens from himself.",A wide man with a stolid manner. He often seemed more craftsman than lord despite the rich silks beneath his lavish armor.,,
children_of_the_dragon,37,Demetre Marcolin,Character,,U,Illian,First Captain of the Companions,Steve Snyder,1,,2,1,,,3,2,"The Companions gain +1 Combat if you control them. While participating in a challenge, Demetre Marcolin may pay [politics] or [intrigue] to generate [combat]. Demetre Marcolin may pay [combat] to target an Illian card you control; the target ignores any damage tokens on it when it rolls its dice this turn.",...Marcolin was old enough to remember when Tam al'Thor had been Second Captain.,,
children_of_the_dragon,61,Illian Tall Ships,Troop,,C,Illian,Multiple,Ron Walotsky,,1,,,,,3,1,"This troop gains +1 Combat if you control the Illian nation contested advantage, or +2 Combat if you control it by 5 or more.","A dozen ships were clearly visible from where she stood, and more beyond...",,
children_of_the_dragon,151,War Galleys,Troop,,C,Illian,Multiple,Steve Snyder,,,,,,,6,2,"If this troop participated in a challenge this turn, it does not ready and may not participate in challenges next turn.",Illian's shipyards produce many of the ships that dock within her harbor...,,
children_of_the_dragon,100,Peace of Rhuidean,Event,Limited,C,,,Kenneth Waters,,,,,,,,,"Rotate a Wise One you control and target a challenge. All [damage] generated by any means in the target challenge are negated. In addition, all ability symbols generated by characters and troops you control participating in the challenge are negated.","The peace of Rhuidean, a woman's voice called from up slope, the tension leaving the Aiel.",,
children_of_the_dragon,127,Tarmon Gai'don,Event,Limited,R2,,,Randy Asplund,,,,,,2,,,"You may only play this event once per game. For every 3 Pattern tokens on your section of the Pattern, add a token to your section of the Pattern.","The Sharom broke apart like an egg and began to drift down, falling, an obsidian inferno. Darkness spread across the sky, swallowing the sun in unnatural night, as if the light of those flames was blackness.",,
children_of_the_dragon,144,Toh,Event,Limited,C,,,Ron Walotsky,,,,,,,,,You may not play event cards for the rest of the turn. No event cards may be played during a Resolution Round this turn. Any other player may move one of his Pattern tokens to your section of the Pattern to ignore this restriction for the next event he plays this turn.,"We -- I -- failed, Adelin said. ""We should have been here when the Draghkar came. Instead we ran like children to dance the spears.""",,
children_of_the_dragon,54,Hadnan Kadere,Character,,U,Mercenary,"Dark Nature,Peddler",Steve Snyder,,,3,2,,,1,,"May only be recruited by a Villain player. Pay [onePower] to permanently give Hadnan Kadere the Dark One allegiance. If you recruited no characters or troops this turn, you may shuffle 1 card you drew during the Draw Round into your deck and draw a card.","His hooked beak of a nose and dark, tilted eyes gave his square, swarthy face a predatory look not lessened when he put on a wide smile and swept his broad-brimmed hat off in a bow.",,
children_of_the_dragon,64,Isendre,Character,,U,Mercenary,"Dark Nature,Peddler",Steve Snyder,,,2,1,,,,,"May only be recruited by a Villain player. If Isendre participated in the Pattern challenge this turn and you gained a Pattern from the Pattern challenge, all characters and troops you control participating in card-based challenges this turn additionally generate [support][opposition] when they roll their dice.","Strange. Her smile became wickedly mischievous. ""I thought you would be handsomer.""",,
children_of_the_dragon,6,Aludra,Character,,U,Mercenary,Illuminator,Ran Ackels,1,,1,2,,,,,"During the Coming to Grips phase of a challenge in which she is participating, you may shuffle Aludra back into her owner's deck to generate [damage][damage][damage] character damage in that challenge.","You wish me to tell you all of my secrets? I am grateful, but I am not in love.",,
children_of_the_dragon,34,Dapple,Character,,U,Mercenary,"Wolf,Reinforcement",Rob Carlos,,,,,,,3,1,"You must control a Wolfbrother to bring Dapple into play. Discard Dapple if you do not control a Wolfbrother. Dapple cannot be the target of advantages. Ability symbols generated by Dapple are ignored. Rotate Dapple to search your deck for a non-Multiple Wolf character, and place it in your hand.","Dapple? ... a wolf with fur that faded through a dozen shades of gray, dark and light, turned her head to look at him.",,
children_of_the_dragon,154,Wolfbrother,Character,,C,Mercenary,"Wolfbrother,Wolf,Multiple",Jim Houston,,,,,,,3,1,May not be recruited by a Villain player. You must control a Wolfbrother to bring this character into play. This character cannot be the target of advantages. Ability symbols generated by this character are ignored. This character gains +1 Combat while participating in a challenge with 3 or more other Wolfbrother characters.,"There is nothing here that remembers being a Noam, nothing that remembers being a man.",,
children_of_the_dragon,137,The Waste,Advantage,World,U,,Contested Advantage,Kenneth Waters,,,,,,,,,"Characters and troops with an allegiance other than Aiel cannot participate in this contested challenge. If you control this advantage, all characters and troops you control with only the Aiel allegiance additionally generate [support][opposition] when they roll the Combat die face which only pictures a [damage].",Rugged slab-sided mountains that looked carved by a mad giant's axe broiled beneath a blazing sun in a cloudless sky.,,
children_of_the_dragon,57,He Who Comes With the Dawn,Advantage,Player,U,,Prophecy,Steve Snyder,,,,,,,,,"Requirements: Control 4 or more Wise One characters and/or a Car'a'carn. Benefits: Once per turn, your Car'a'carn may reroll any of his dice (immediately after making his initial roll; the old results are ignored). While participating in challenges, all Wise One characters you control roll an additional Intrigue die when they roll their dice.","... he will come from Rhuidean at dawn, and tie you together with bonds you cannot break.",,
children_of_the_dragon,58,He Will Bind and Destroy Them,Advantage,Player,U,,Prophecy,Jim Houston,,,,,,,,,"Requirements: Control 4 or more Clan Chief characters and/or a Car'a'carn. Benefits: Search your deck for a Clan Chief and a non-Multiple Aiel troop and place them in your hand. The next Clan Chief and troop you recruit have no cost. Once per turn, you may kill a Clan Chief you control participating in a challenge after he rolls his dice to generate [support][support][support][support][opposition][opposition][opposition][opposition] in that challenge.","He will take you back, and he will destroy you.",,
children_of_the_dragon,107,Remnant of a Remnant,Advantage,Player,U,,Prophecy,Denise Harris,,,,,,,,,"Requirements: Control 4 or more Maiden of the Spear cards and/or a Car'a'carn. Benefits: Search your deck for a Maiden of the Spear card and place it in your hand. If there are 16 or more total Pattern in the game, for each Maiden of the Spear character you control, you may reroll one of her dice each turn (immediately after making her initial roll; the old result is ignored).","... yet the remnant of a remnant shall he save, and they shall live.",,
children_of_the_dragon,24,Casualties of War,Advantage,Player,C,,Starting Advantage,Jim Holloway,,,,,,,,,"An opponent may only play one card or use one card's effect per turn, of his choice, which would allow him to draw 1 or more cards. If other cards and/or card effects would allow him to draw additional cards beyond this, the cards drawn are instead shuffled back into his deck.","The blotches on the walls of Taien were bodies, contorted in their final agonies, bloated in the sun, and handing by their necks in a row that seemed to encircle the town.",,
children_of_the_dragon,27,Chief's Chair,Advantage,Player,C,,Starting Advantage,Tina Druce-Hoffman,,,,,,,,,"Discard all Maiden of the Spear and Wise One cards you control. Each Clan Chief you recruit costs an additional [combat] for each Clan Chief you control. (This increase applies after all multipliers.) As a limited event, rotate this card to shuffle an Aiel troop from your hand into your deck to search your deck for a non-Multiple Aiel troop and place it in your hand. You may recruit Clan Chief characters as if your Pattern were 2 higher.","Rand saw only 1 chair, tall backed, and lacquered red and gold, with a look of not much use, the chief's chair.",,
children_of_the_dragon,28,Children's Crusade,Advantage,Player,C,,Starting Advantage,Jim Holloway,,,,,,,,,"Rotate this card and a Children of the Light character you control to give all characters and troops you control with only the Children of the Light allegiance, whose highest printed ability is 3 or less, +1 to all printed abilities until the end of the turn. Rotate this card to allow your Children of the Light cards to participate in challenges with Dragon and non-Monster Dark One cards this turn.",Recruits flocked to the Children's banners in greater numbers than for years.,,
children_of_the_dragon,67,Ji'e'toh,Advantage,Player,C,,Starting Advantage,Ron Walotsky,,,,,,,,,"You may not play this card if you control Chief's Chair, Sweat Tents, or Maidens of the Spear advantage. Discard the Chief's Chair, Sweat Tents, and/or Maidens of the Spear advantages if you control them. You may not control more than 3 Clan Chief, 4 Maiden of the Spear, and 4 Wise One characters.",Honor and obligation.,,
children_of_the_dragon,71,Lay of the Land,Advantage,Player,C,,Starting Advantage,Kenneth Waters,,,,,,,,,"Once per game, search your deck for a Terrain card and place it in your hand. You may target the Pattern challenge with Terrain cards. If you targeted a challenge with a Terrain card, your starting character additionally generates [support][opposition] when he rolls his dice while participating in the target challenge.",A man could not be too careful if he wanted to stay alive on this day and this ground.,,
children_of_the_dragon,75,Lines of Command,Advantage,Player,C,,Starting Advantage,Randy Asplund,,,,,,,,,No opponent may have more than 10 troops participating in all challenges in a given turn unless he has 5 or more characters in play and/or in his killed pile. No opponent may have more than 10 characters participating in all challenges in a given turn unless he has 5 or more troops in play and/or in his killed pile.,"The clans came to number twelve, and grew to be as large as nations...",,
children_of_the_dragon,80,Maidens of the Spear,Advantage,Player,C,,Starting Advantage,Tony Moseley,,,,,,,,,"Discard all Clan Chief and Wise One characters you control. Maiden of the Spear characters you control may use their ability symbols to recruit Aiel troops. Maiden of the Spear cards you control have Reinforcement. As a limited event, move a Maiden of the Spear card you control from your homefront to the battleground.","The Roof of the Maidens lay halfway up the still brightly lit east wall of the canyon, a garden-topped rectangle of grayish stone doubtless larger inside that it looked.",,
children_of_the_dragon,124,Sweat Tents,Advantage,Player,C,,Starting Advantage,Rob Carlos,,,,,,,,,"If you control more than 1 Clan Chief and/or 1 Maiden of the Spear, discard all Clan Chief and Maiden of the Spear cards you control. Once per turn, per Wise One, you may discard an advantage which targets a Wise One you control participating in a challenge to generate [support][opposition] in that challenge. If a Wise One you control with a printed One Power ability generated no [onePower] when she rolled her dice, she generates a [onePower]. This symbol may only be used to recruit.",...damp heat hit her like a stick between the eyes...,,
children_of_the_dragon,15,Battle Readiness,Advantage,Player,U,,,Jim Holloway,,,,1,,,,2,"This card has no cost if you control a nation contested advantage by 10 or more. When troops you control with Reinforcement do not reinforce a challenge, they roll an additional Combat die when they roll their Combat dice during that challenge.",There's no telling what would have happened if a party of the Queen's Guards hadn't come along.,,
children_of_the_dragon,72,Lead by Example,Advantage,Player,C,,,Tina Druce-Hoffman,,1,,,,,,,"Rotate and target a non-starting character with a printed Combat ability controlled by an opponent. While the target is not participating in a challenge this turn, his effect text is blanked.",If he had known one of the Forsaken was loose - and inside the Stone - he would have never gone near the place.,,
children_of_the_dragon,85,Manifest Destiny,Advantage,Player,C,,,Jim Holloway,,,,,,,,,"Immediately discard this card if you control any non-starting characters or troops with the Aes Sedai, Children of the Light, Dark One, or Dragon allegiance. Choose an allegiance when you play this card. All non-starting characters you control with the chosen allegiance, whose highest printed ability is 2 or less, gain +1 to all printed non-One Power abilities. All troops you control with the chosen allegiance gain +1 to all printed abilities of 3 or less. Once per game, search your deck for a nation contested advantage and place it in your hand.",Queen Morgase can lead us and put things right...,,
children_of_the_dragon,110,Rhuidean,Advantage,Player,U,,,Steve Snyder,,,,,,,,,"If you control The Three Fold Land rotate this card and look at the top 4 cards in your deck. Place them back in any order, and you may immediately shuffle your deck. Shuffle this card from your hand into your deck to search your deck for The Three Fold Land and place it in your hand.","And out of that roiling gray stuck the tops of towers, some spired, some ending abruptly as though the masons still worked.",,
children_of_the_dragon,132,The Fifth,Advantage,Player,C,,,Kenneth Waters,,,,,,,,,"Discard if you do not control 2 or more Clan Chief, Wise One, and/or Maiden of the Spear characters. Convert a Pattern to allow your Aiel cards to participate in a target nation contested advantage challenge this turn as if they had the appropriate allegiance. Once per game, per nation contested advantage, you may remove 5 of your control tokens from that nation contested advantage to draw a card and add [combat][combat][combat] to your pool. These symbols have the Aiel allegiance.","When Aiel took one of the holds of an enemy clan in the Waste, by custom - or maybe law... they carried away one-fifth of all it contained...",,
children_of_the_dragon,128,Tear Regiment,Troop,,C,Tear,Multiple,Jim Holloway,,1,,,,,3,,"If you have The Stone of Tear in play, you may rotate it as a limited event to remove up to 2 damage from this troop. If you control the Tear nation contested advantage, you may shuffle this troop back into your deck when it is placed in your killed pile.","Their commander, a captain distinguished by two short white plumes on his helmet, held himself only a trifle less stiffly.",,
children_of_the_dragon,60,High Lord Darlin Sisnera,Character,,U,Tear,,Ran Ackels,2,2,,,,,2,1,"This character gains +1 to all printed abilities if no player controls the Tear nation contested advantage. If you control Lady Caraline, there is no cost to recruit this character. You may shuffle this character from your hand into your deck to search your deck for Lady Caraline and place her in your hand.","The Light willing, I may see Tear sovereign on its own land once more before I die.",,
children_of_the_dragon,135,The Three Fold Land,Advantage,World,U,,Nation Contested Advantage,Kenneth Waters,,,,,,,,,"Characters and troops with an allegiance other than Aiel cannot participate in this contested challenge. If you control The Three Fold Land, rotate this card to generate [combat]. This symbol has the Aiel allegiance. If you control The Three Fold Land by 5 or more, rotate this card to generate [politics][intrigue][combat]. These symbols have the Aiel allegiance.","To us it is the Three-fold land. A shaping stone, to make us; a testing ground, to prove our worth; and a punishment for the sin.",,
children_of_the_dragon,134,The Ta'veren,Advantage,World,C,,,Steve Snyder,,,,,,,,,"Any player may convert a Pattern to remove 2 damage from a Ta'veren. When a Ta'veren participates in a challenge, he additionally generates [support][support][opposition][opposition] when he rolls his dice.","Three of them, when I expected one.",,
children_of_the_dragon,5,Alliance,Challenge,,C,,,Tony Moseley,,,,,,,,,"When it is revealed, this challenge gains 5 support for each nation contested advantage you control. If successful, this challenge becomes a player advantage targeting you with the following text: Rotate Alliance and target 1 character or troop you control for each nation contested advantage you control. The targets additionally generate [support][opposition] when they roll their dice this turn.",The Alliance had raised an immense force... an army of a size certainly not seen since Artur Hawkwing's day.,,
children_of_the_dragon,20,Cadin'sor,Advantage,,R2,,,Darrell Sweet,,,,,,,,1,"Target a non-Wise One character or troop you control with only the Aiel allegiance. When the target is declared a participant in a challenge, add a [combat] to your pool. This symbol has the Aiel allegiance and may only be used for recruiting Aiel cards. Discard this card from play to remove up to 2 damage from the target.","From his soft, laced knee-high boots to the cloth wrapped loosely around his neck, his clothes were all in shades of brown and gray that would blend into rock or earth.",,
children_of_the_dragon,22,Call Up the Reserves,Challenge,,C,,,Jim Holloway,,,,,,,,,"Target a player. This challenge has 15 additional opposition at resolution, unless you have 6 or more tokens on your section of the Pattern. If successful, the target draws a number of cards from his deck to fill his hand to his maximum hand size. Remove this challenge from the game when it resolves.","The drums and trumpets were drawing nearer, the shouting growing louder.",,
children_of_the_dragon,23,Callbox,Event,,R2,,,Jim Houston,,,,,,,,,May only be played by a Villain player. Target your starting character. He generates [onePower]. This symbol may only be used to recruit characters or troops.,"Intricate patterns covered every side, and close up you could see smaller patterns within the large.",,
children_of_the_dragon,32,Conquer and Control,Challenge,,C,,,Jim Holloway,,,,,,,,,"If successful, this challenge becomes a player advantage targeting you with the following text: Rotate this advantage to add a token to a contested advantage you control.","The people spoke of visits from the tall, boxy ships of the invaders.",,
children_of_the_dragon,39,Destroy from Within,Challenge,,C,,,Kenneth Waters,,,,,,,,,"Target an opponent. If successful, for every 2 cards in the target's discard pile when this challenge resolves, he must place the top card of his deck into his discard pile. Immediately after this challenge resolves, remove the target's discard pile from the game.","Rand and the Asha'man darted aside from the gateway, and Davram Bashere led his wildly screaming Saldeans into Illian, a flood of horsemen waving their swords as they poured out.",,
children_of_the_dragon,41,Doorway in Rhuidean,Event,,R2,,,Rob Carlos,,,,,,,,,"You may only play this card once per game. Roll 3 One Power dice. Look at a number of cards from the top of your deck equal to 6 times the number of [onePower] you rolled. For each [onePower] you rolled, you may take 1 of these cards into your hand. Place the remaining cards back on the top of your deck in the same order you drew them. If you rolled no [onePower], draw a card. Place 2 damage tokens on your starting character for each [damage] you rolled.","By the ancient treaty, here is agreement made. What is your need? Speak.",,
children_of_the_dragon,42,Doorway in Tear,Event,,R2,,,Ran Ackels,,,,,,,,,"You may only play this card once per game. Roll 3 One Power dice. Look at a number of cards from the top of your deck equal to 6 times the number of [onePower] you rolled. You may place any of the cards you looked at on the bottom of your deck in any order, and place the rest back on top of your deck in the same order you drew them.","A tall redstone doorframe, looming oddly in the shadows cast by his lamp. Twisted somehow.",,
children_of_the_dragon,43,Dream Search,Event,,C,,,Stephanie Law,,,,,,,,,Rotate a Dreamwalker you control and target a card in an opponent's discard or killed pile. That player must search his hand and deck for a copy of the target card and place it in his discard pile (if possible).,"There was nothing on the table except three ornately lacquered boxes, arrayed with painful precision.",,
children_of_the_dragon,47,Feast of Teven,Event,,C,,,Tina Druce-Hoffman,,,,,,,,,"May not be played during the Resolution or Draw Rounds. Remove 1 point of damage from each Illian card you control. Search your deck, and take from it one Prophecy card for each Gleeman you control and place them in your hand.","His cloak seemed a mass of patches, in odd shapes and sizes, fluttering with very breath of air, patches in a hundred colors...",,
children_of_the_dragon,49,Foolbox,Event,,C,,,Jim Houston,,,,2,,,,,Target an advantage with [onePower] in its printed cost or a card in play which forced you to discard 1 or more cards from your hand this turn. The target is shuffled back into its owner's deck.,"...reaching into his bag, Caddar drew out a gray stone cube, with no markings, but a bright red disc set in one face.",,
children_of_the_dragon,62,Incite Rebellion,Challenge,,C,,,Kenneth Waters,,,,,,,,,"May not be placed in your opening hand. Target a player. If successful, this challenge becomes a player advantage targeting him with the following text: The cost for you to pay advantage cards is increased by [politics][intrigue][combat]. (This includes advantages which have no printed cost.) Any player may convert 2 Pattern to shuffle this card back into its owner's deck. If any player has at least 4 more Pattern than the target of this advantage, discard this card.",The mass of men stalked around the next corner...,,
children_of_the_dragon,76,Lines of Support,Advantage,,R2,,,Randy Asplund,,,,,,,,1,"Target a character or troop you control with a printed Combat ability. Your maximum hand size is increased by +1. While you control 3 copies of this card, the targets must participate in the Pattern challenge each turn (if possible), and you may rotate all 3 copies of this card to draw an additional card during the Draw Round this turn.","Horses would go lame between here and Tear, or die from things the farriers could not remedy...",,
children_of_the_dragon,79,Maiden Handtalk,Event,,C,,,Tina Druce-Hoffman,,,,,,,,,"Target a non-Last Battle challenge during the Declare Challenges phase. You may only participate in the challenge with Maiden of the Spear cards. All other players may only participate in the challenge with characters. If you have no participants in that challenge, any opponent may reinforce the challenge with troops he controls as if they had Reinforcement.",The Aiel had all sorts of hand signals for when silence was best. ...but only the Maidens had made a language of them.,,
children_of_the_dragon,92,Military Dominance,Challenge,,C,,,Jim Holloway,,,,,,,,,"Only Combat dice may be rolled in this challenge. If successful, this challenge becomes a character advantage targeting a character you control with the following text: Rotate and target 2 characters you control. When the targets roll their Combat dice this turn, they each additionally generate [combat].",Andor's success is also due in large part to the strength of her army...,,
children_of_the_dragon,96,Need,Challenge,,C,,,Tina Druce-Hoffman,,,,,,,,,"Only Dreamwalker characters may participate in this challenge. Name the title of a target card when you reveal this challenge. If successful by 5 or more, search your deck for a copy of the target card and place it in your hand. If successful by 10 or more, search your deck for all copies of the target card and place them in your hand.",What lay on top did not look very dangerous at first glance -- a necklace and two bracelets of jointed black metal -- but she could come no closer to anything than this.,,
children_of_the_dragon,97,Network of Spies,Challenge,,C,,,Tina Druce-Hoffman,,,,,,,,,"Only Intrigue dice may be rolled in this challenge. If successful, this challenge becomes a character advantage targeting a character you control with the following text: Rotate and target 3 characters you control. When the targets roll their Intrigue dice this turn, they each additionally generate [intrigue].","Merchant and warrior, commoner and noble. From Kandor and Cairhien, Saldaea and Ghealdan. From every nation and nearly every people.",,
children_of_the_dragon,101,Perpetual Conflict,Challenge,,C,,,Jim Holloway,,,,,,,,,"If successful, this challenge becomes a player advantage targeting you with the following text: As a limited event, rotate this advantage, reveal up to 5 card-based challenges from your hand, and target a different character or troop you control for each card-based challenge you revealed. The target additionally generates [support][opposition] when it rolls its dice this turn.","Before the lead runners could start down the other side, a lightning bolt flashed down into their midst, splashing men and earth like a stone thrown into a pond.",,
children_of_the_dragon,106,Relive the Past,Challenge,,C,,,Stephanie Law,,,,,,,,,"If successful, this challenge becomes a player advantage targeting you with the following text: All Car'a'carn, Clan Chief, and Wise One characters you control gain +1 Politics.","Not hesitating at the first row of columns, Rand made himself walk in among them.",,
children_of_the_dragon,118,Shoufa,Advantage,,C,,,Michael Phillippi,,,,,,,,1,"Target a non-Wise One character or troop you control with only the Aiel allegiance. The target gains +1 Combat and Reinforcement. When the target is placed in your killed pile, you may shuffle the target and/or this card back into your deck.","...their heads were shrouded, their faces veiled in black except for their eyes...",,
children_of_the_dragon,123,Sovereign Rule,Challenge,,C,,,Stephanie Law,,,,,,,,,"Only Politics dice may be rolled in this challenge. If successful, this challenge becomes a character advantage targeting a character you control with the following text: Rotate and target 3 characters you control. When the targets roll their Politics dice this turn, they each additionally generate [politics].","Those two hangings flanked a dais, and on the dais a carved and gilded throne where sat the Queen.",,
children_of_the_dragon,133,The Old Tongue,Challenge,,C,,,Tina Druce-Hoffman,,,,,,,,,"Combat may not be used in this challenge. If successful, this challenge becomes a player advantage targeting you with the following text: While participating in a non-Last Battle challenge, you may pay [politics][politics] to add [support][opposition] to that challenge.","You speak the Old Tongue, she said...",,
children_of_the_dragon,136,The Traveling People,Event,,C,,,Tina Druce-Hoffman,,,,,,,,,Play during the Coming to Grips phase of a target challenge. Remove 1 point of damage from all non-Monster characters and troops you control participating in the target challenge who have damage on them greater than or equal to their highest printed ability.,"A wiry man, gray-haired and short, stepped forward and bowed gravely, both hands pressed against his chest.",,
children_of_the_dragon,138,The Wheel Weaves,Event,,R2,,,Chris Arneson,,,,,,,,,"Target an opponent. For each Pattern token the target converted this turn to reduce the cost of a character or troop, move a neutral token to your section of the Pattern (if possible). Or target a character you control; the target gains +1 to all non-One Power printed abilities until the end of the turn.","I will never serve you, Father of Lies. In a thousand lives, I never have. I know that.",,
children_of_the_dragon,139,The Wheel Wills,Event,,R2,,,Chris Arneson,,,,,,,,,"Name an event. No opponent may play that event during the Action Round this turn. If an opponent previously played the named event this turn, he must search his hand and deck for a copy of the named card and place it in his discard pile (if possible).","The shaft of light struck the blade of Callandor -- and parted on its edge, forking to stream past on either side.",,
children_of_the_dragon,141,Time of Need,Event,,C,,,Kenneth Waters,,,,,,,,,"Search your deck for an Event card which is not a Limited Event, and place it in your hand. You draw no cards during the next Draw Round.","Look at it, and remember me. Remember I will come back for it.",,
children_of_the_dragon,150,War Campaign,Challenge,,C,,,Randy Asplund,,,,,,,,,"Target a nation contested advantage controlled by an opponent. When it is revealed, this challenge gains 1 point of opposition for every 3 opponent's control tokens on the target. If successful, move up to 3 neutral tokens to your section of the Pattern (if possible); and for each 2 points by which this challenge succeeds, you may place 1 control token on the target.",Nothing moved except the birds.,,
children_of_the_dragon,152,Wash the Spears,Challenge,,C,,,Rob Carlos,,,,,,,,,"Only Combat dice may be rolled in this challenge. If successful, move a neutral token to your section of the Pattern (if possible). If you succeed by 5 or more, move an additional neutral token to your section of the Pattern (if possible).","Wherever he looked there was fighting. Aiel against Aiel, a thousand here, five thousand there...",,
children_of_the_dragon,153,Weaken Support,Challenge,,C,,,Jim Holloway,,,,,,,,,"Target a non-World advantage controlled by an opponent. If the target does not have a printed cost, this challenge has 10 additional opposition at resolution. If successful, the target is shuffled back into its owner's deck, and you may shuffle this card back into your deck.",...commoners live only in the outer city ... they live in conditions that most other nations would consider unfit for livestock.,,
cycles,1,Demandred,Character,,F,Dark One,"Starting Villain,Forsaken,Reinforcement",Dave Martin,1,,1,,4,,1,,"When Demandred first enters play, choose a non-One Power ability (Demandred permanently gains +2 to the chosen ability) and place 3 Allegiance Tokens on him. Remove an Allegiance Token to give Demandred an allegiance of your choice until the end of the turn. When the Dragon Reborn is replaced, add a token to your section of the Pattern. Discard this card from your hand to give your Starting Villain +1 to all non-zero abilities for each Ta'veren in play until the end of the turn.","Demandred knelt in the Pit of Doom... ""Have I not done well, Great Lord?""",,
cycles,2,Mat Cauthon (II),Character,,F,Dragon,"Starting Hero,Ta'veren,Band of the Red Hand,Two Rivers,Reinforcement",April Lee,1,,3,,,,2,,"Dragon troops you control have +1 Combat. You may reroll up to 3 of Mat's dice each turn (after making his initial roll; the old results are ignored). Rotate Mat to make the next multiple troop you recruit this turn have no cost. Once per turn, rotate a troop you control to have Mat generate 2 non-One Power ability symbols of your choice. These symbols also have the troop's allegiances and may only be used to recruit. Discard this card from your hand to allow each Dragon troop you control to pay a single [combat] or [damage] to generate [support][opposition].",What fate? To give up half the light of the world to save the world!,,
cycles,3,Perrin Aybara,Character,,F,Dragon,"Starting Hero,Ta'veren,Wolfbrother,Two Rivers,Reinforcement",Michael Phillippi,2,,1,,,,3,,"Wolf cards you control have +1 Combat. While participating in a challenge, this character generates a troop damage for each [damage] he rolls. When you recruit a non-Wolf Mercenary card, it gains an allegiance of your choice. Once per turn, rotate a Mercenary you control to have Perrin generate 2 non-One Power ability symbols of your choice. These symbols also have the Mercenary's allegiances and may only be used to recruit. Discard this card from your hand to permanently give all Wolf cards you control with Reinforcement +1 Combat","I see... a wolf, and a broken crown, and trees flowering...",,
cycles,4,Shaidar Haran,Character,,F,Dark One,"Starting Villain,Monster,Myrddraal",Chris Arneson,,,4,,,,5,,"If there is an advantage attached to Shaidar Haran, discard it. Shaidar Haran has the trait Forsaken, but only for the purposes of recruiting Forsaken. Up to three times a turn Shaidar Haran may pay [intrigue] or [combat] to generate [onePower]. Discard this card from your hand to allow symbols generated by non-starting Forsaken you control to be used to recruit this turn.","""Shaidar Haran"" came from what people now named the Old Tongue. It meant ""Hand of the Dark.""",,
